A,B,C,D,E,F,G,H
NCC,Substation01Bus39_G1_LOADING_RES,,4,0,0,0,0
NCC,Substation01Bus39_G1_P_CTRL,,4,0,0,0,0
NCC,Substation01Bus39_G1_P_RES,,4,0,0,0,0
NCC,Substation01Bus39_G1_Q_RES,,4,0,0,0,0
NCC,Substation01Bus39_G1_V_CTRL,,4,0,0,0,0
NCC,Substation01Bus39_G1_V_RES,,4,0,0,0,0
NCC,Substation01Bus39_G1_f_RES,,4,0,0,0,0
NCC,Substation01Bus39_GEN_PSUM_RES,,4,0,0,0,0
NCC,Substation01Bus39_LINE_01_39_I_RES,,4,0,0,0,0
NCC,Substation01Bus39_LINE_01_39_P_RES,,4,0,0,0,0
NCC,Substation01Bus39_LINE_01_39_Q_RES,,4,0,0,0,0
NCC,Substation01Bus39_LINE_09_39_I_RES,,4,0,0,0,0
NCC,Substation01Bus39_LINE_09_39_P_RES,,4,0,0,0,0
NCC,Substation01Bus39_LINE_09_39_Q_RES,,4,0,0,0,0
NCC,Substation01Bus39_LOAD_39_P_RES,,4,0,0,0,0
NCC,Substation01Bus39_LOAD_39_Q_RES,,4,0,0,0,0
NCC,Substation01Bus39_LOAD_39_V_RES,,4,0,0,0,0
NCC,Substation01Bus39_MODE,,2,0,0,0,0
NCC,Substation01Bus39_SWT_BreakerG1,,2,0,0,0,0
NCC,Substation01Bus39_SWT_BreakerG1_RES,,2,0,0,0,0
NCC,Substation01Bus39_SWT_LINE_01_39,,2,0,0,0,0
NCC,Substation01Bus39_SWT_LINE_01_39_RES,,2,0,0,0,0
NCC,Substation01Bus39_SWT_LINE_09_39,,2,0,0,0,0
NCC,Substation01Bus39_SWT_LINE_09_39_RES,,2,0,0,0,0
NCC,Substation01Bus39_SWT_LOAD_39,,2,0,0,0,0
NCC,Substation01Bus39_SWT_LOAD_39_RES,,2,0,0,0,0
NCC,Substation02Bus02Bus30_G10_LOADING_RES,,4,0,0,0,0
NCC,Substation02Bus02Bus30_G10_P_CTRL,,4,0,0,0,0
NCC,Substation02Bus02Bus30_G10_P_RES,,4,0,0,0,0
NCC,Substation02Bus02Bus30_G10_Q_RES,,4,0,0,0,0
NCC,Substation02Bus02Bus30_G10_V_CTRL,,4,0,0,0,0
NCC,Substation02Bus02Bus30_G10_V_RES,,4,0,0,0,0
NCC,Substation02Bus02Bus30_G10_f_RES,,4,0,0,0,0
NCC,Substation02Bus02Bus30_LINE_01_02_I_RES,,4,0,0,0,0
NCC,Substation02Bus02Bus30_LINE_01_02_P_RES,,4,0,0,0,0
NCC,Substation02Bus02Bus30_LINE_01_02_Q_RES,,4,0,0,0,0
NCC,Substation02Bus02Bus30_LINE_02_03_I_RES,,4,0,0,0,0
NCC,Substation02Bus02Bus30_LINE_02_03_P_RES,,4,0,0,0,0
NCC,Substation02Bus02Bus30_LINE_02_03_Q_RES,,4,0,0,0,0
NCC,Substation02Bus02Bus30_LINE_02_25_I_RES,,4,0,0,0,0
NCC,Substation02Bus02Bus30_LINE_02_25_P_RES,,4,0,0,0,0
NCC,Substation02Bus02Bus30_LINE_02_25_Q_RES,,4,0,0,0,0
NCC,Substation02Bus02Bus30_SWT_BreakerG10,,2,0,0,0,0
NCC,Substation02Bus02Bus30_SWT_BreakerG10_RES,,2,0,0,0,0
NCC,Substation02Bus02Bus30_SWT_LINE_01_02,,2,0,0,0,0
NCC,Substation02Bus02Bus30_SWT_LINE_01_02_RES,,2,0,0,0,0
NCC,Substation02Bus02Bus30_SWT_LINE_02_03,,2,0,0,0,0
NCC,Substation02Bus02Bus30_SWT_LINE_02_03_RES,,2,0,0,0,0
NCC,Substation02Bus02Bus30_SWT_LINE_02_25,,2,0,0,0,0
NCC,Substation02Bus02Bus30_SWT_LINE_02_25_RES,,2,0,0,0,0
NCC,Substation02Bus02Bus30_SWT_TRAFO_BUS_02,,2,0,0,0,0
NCC,Substation02Bus02Bus30_SWT_TRAFO_BUS_02_RES,,2,0,0,0,0
NCC,Substation02Bus02Bus30_SWT_TRAFO_BUS_30,,2,0,0,0,0
NCC,Substation02Bus02Bus30_SWT_TRAFO_BUS_30_RES,,2,0,0,0,0
NCC,Substation02Bus02Bus30_TAP_TRAFO_02-30,,4,0,0,0,0
NCC,Substation02Bus02Bus30_TAP_TRAFO_02-30_CTRL,,4,0,0,0,0
NCC,Substation02Bus02Bus30_TAP_TRAFO_02-30_MODE,,4,0,0,0,0
NCC,Substation02Bus02Bus30_TAP_TRAFO_02-30_RES,,4,0,0,0,0
NCC,Substation02Bus02Bus30_TRAFO_02_30_LOADING_RES,,4,0,0,0,0
NCC,Substation02Bus02Bus30_TRAFO_02_30_V_RES,,4,0,0,0,0
NCC,Substation02Bus02Bus30_TRAFO_02_30_f_RES,,4,0,0,0,0
NCC,Substation03Bus25Bus37_G8_LOADING_RES,,4,0,0,0,0
NCC,Substation03Bus25Bus37_G8_P_CTRL,,4,0,0,0,0
NCC,Substation03Bus25Bus37_G8_P_RES,,4,0,0,0,0
NCC,Substation03Bus25Bus37_G8_Q_RES,,4,0,0,0,0
NCC,Substation03Bus25Bus37_G8_V_CTRL,,4,0,0,0,0
NCC,Substation03Bus25Bus37_G8_V_RES,,4,0,0,0,0
NCC,Substation03Bus25Bus37_G8_f_RES,,4,0,0,0,0
NCC,Substation03Bus25Bus37_LINE_02_25_I_RES,,4,0,0,0,0
NCC,Substation03Bus25Bus37_LINE_02_25_P_RES,,4,0,0,0,0
NCC,Substation03Bus25Bus37_LINE_02_25_Q_RES,,4,0,0,0,0
NCC,Substation03Bus25Bus37_LINE_25_26_I_RES,,4,0,0,0,0
NCC,Substation03Bus25Bus37_LINE_25_26_P_RES,,4,0,0,0,0
NCC,Substation03Bus25Bus37_LINE_25_26_Q_RES,,4,0,0,0,0
NCC,Substation03Bus25Bus37_LOAD_25_P_RES,,4,0,0,0,0
NCC,Substation03Bus25Bus37_LOAD_25_Q_RES,,4,0,0,0,0
NCC,Substation03Bus25Bus37_LOAD_25_V_RES,,4,0,0,0,0
NCC,Substation03Bus25Bus37_SWT_BreakerG8,,2,0,0,0,0
NCC,Substation03Bus25Bus37_SWT_BreakerG8_RES,,2,0,0,0,0
NCC,Substation03Bus25Bus37_SWT_LINE_02_25,,2,0,0,0,0
NCC,Substation03Bus25Bus37_SWT_LINE_02_25_RES,,2,0,0,0,0
NCC,Substation03Bus25Bus37_SWT_LINE_25_26,,2,0,0,0,0
NCC,Substation03Bus25Bus37_SWT_LINE_25_26_RES,,2,0,0,0,0
NCC,Substation03Bus25Bus37_SWT_LOAD_25,,2,0,0,0,0
NCC,Substation03Bus25Bus37_SWT_LOAD_25_RES,,2,0,0,0,0
NCC,Substation03Bus25Bus37_SWT_TRAFO_BUS_25,,2,0,0,0,0
NCC,Substation03Bus25Bus37_SWT_TRAFO_BUS_25_RES,,2,0,0,0,0
NCC,Substation03Bus25Bus37_SWT_TRAFO_BUS_37,,2,0,0,0,0
NCC,Substation03Bus25Bus37_SWT_TRAFO_BUS_37_RES,,2,0,0,0,0
NCC,Substation03Bus25Bus37_TAP_TRAFO_25-37,,4,0,0,0,0
NCC,Substation03Bus25Bus37_TAP_TRAFO_25-37_CTRL,,4,0,0,0,0
NCC,Substation03Bus25Bus37_TAP_TRAFO_25-37_MODE,,4,0,0,0,0
NCC,Substation03Bus25Bus37_TAP_TRAFO_25-37_RES,,4,0,0,0,0
NCC,Substation03Bus25Bus37_TRAFO_25_37_LOADING_RES,,4,0,0,0,0
NCC,Substation03Bus25Bus37_TRAFO_25_37_V_RES,,4,0,0,0,0
NCC,Substation03Bus25Bus37_TRAFO_25_37_f_RES,,4,0,0,0,0
NCC,Substation04Bus29Bus38_G9_LOADING_RES,,4,0,0,0,0
NCC,Substation04Bus29Bus38_G9_P_CTRL,,4,0,0,0,0
NCC,Substation04Bus29Bus38_G9_P_RES,,4,0,0,0,0
NCC,Substation04Bus29Bus38_G9_Q_RES,,4,0,0,0,0
NCC,Substation04Bus29Bus38_G9_V_CTRL,,4,0,0,0,0
NCC,Substation04Bus29Bus38_G9_V_RES,,4,0,0,0,0
NCC,Substation04Bus29Bus38_G9_f_RES,,4,0,0,0,0
NCC,Substation04Bus29Bus38_LINE_26_29_I_RES,,4,0,0,0,0
NCC,Substation04Bus29Bus38_LINE_26_29_P_RES,,4,0,0,0,0
NCC,Substation04Bus29Bus38_LINE_26_29_Q_RES,,4,0,0,0,0
NCC,Substation04Bus29Bus38_LINE_28_29_I_RES,,4,0,0,0,0
NCC,Substation04Bus29Bus38_LINE_28_29_P_RES,,4,0,0,0,0
NCC,Substation04Bus29Bus38_LINE_28_29_Q_RES,,4,0,0,0,0
NCC,Substation04Bus29Bus38_LOAD_29_P_RES,,4,0,0,0,0
NCC,Substation04Bus29Bus38_LOAD_29_Q_RES,,4,0,0,0,0
NCC,Substation04Bus29Bus38_LOAD_29_V_RES,,4,0,0,0,0
NCC,Substation04Bus29Bus38_SWT_BreakerG9,,2,0,0,0,0
NCC,Substation04Bus29Bus38_SWT_BreakerG9_RES,,2,0,0,0,0
NCC,Substation04Bus29Bus38_SWT_LINE_26_29,,2,0,0,0,0
NCC,Substation04Bus29Bus38_SWT_LINE_26_29_RES,,2,0,0,0,0
NCC,Substation04Bus29Bus38_SWT_LINE_28_29,,2,0,0,0,0
NCC,Substation04Bus29Bus38_SWT_LINE_28_29_RES,,2,0,0,0,0
NCC,Substation04Bus29Bus38_SWT_LOAD_29,,2,0,0,0,0
NCC,Substation04Bus29Bus38_SWT_LOAD_29_RES,,2,0,0,0,0
NCC,Substation04Bus29Bus38_SWT_TRAFO_BUS_29,,2,0,0,0,0
NCC,Substation04Bus29Bus38_SWT_TRAFO_BUS_29_RES,,2,0,0,0,0
NCC,Substation04Bus29Bus38_SWT_TRAFO_BUS_38,,2,0,0,0,0
NCC,Substation04Bus29Bus38_SWT_TRAFO_BUS_38_RES,,2,0,0,0,0
NCC,Substation04Bus29Bus38_TAP_TRAFO_29-38,,4,0,0,0,0
NCC,Substation04Bus29Bus38_TAP_TRAFO_29-38_CTRL,,4,0,0,0,0
NCC,Substation04Bus29Bus38_TAP_TRAFO_29-38_MODE,,4,0,0,0,0
NCC,Substation04Bus29Bus38_TAP_TRAFO_29-38_RES,,4,0,0,0,0
NCC,Substation04Bus29Bus38_TRAFO_29_38_LOADING_RES,,4,0,0,0,0
NCC,Substation04Bus29Bus38_TRAFO_29_38_V_RES,,4,0,0,0,0
NCC,Substation04Bus29Bus38_TRAFO_29_38_f_RES,,4,0,0,0,0
NCC,Substation05Bus22Bus35_G6_LOADING_RES,,4,0,0,0,0
NCC,Substation05Bus22Bus35_G6_P_CTRL,,4,0,0,0,0
NCC,Substation05Bus22Bus35_G6_P_RES,,4,0,0,0,0
NCC,Substation05Bus22Bus35_G6_Q_RES,,4,0,0,0,0
NCC,Substation05Bus22Bus35_G6_V_CTRL,,4,0,0,0,0
NCC,Substation05Bus22Bus35_G6_V_RES,,4,0,0,0,0
NCC,Substation05Bus22Bus35_G6_f_RES,,4,0,0,0,0
NCC,Substation05Bus22Bus35_LINE_21_22_I_RES,,4,0,0,0,0
NCC,Substation05Bus22Bus35_LINE_21_22_P_RES,,4,0,0,0,0
NCC,Substation05Bus22Bus35_LINE_21_22_Q_RES,,4,0,0,0,0
NCC,Substation05Bus22Bus35_LINE_22_23_I_RES,,4,0,0,0,0
NCC,Substation05Bus22Bus35_LINE_22_23_P_RES,,4,0,0,0,0
NCC,Substation05Bus22Bus35_LINE_22_23_Q_RES,,4,0,0,0,0
NCC,Substation05Bus22Bus35_SWT_BreakerG6,,2,0,0,0,0
NCC,Substation05Bus22Bus35_SWT_BreakerG6_RES,,2,0,0,0,0
NCC,Substation05Bus22Bus35_SWT_LINE_21_22,,2,0,0,0,0
NCC,Substation05Bus22Bus35_SWT_LINE_21_22_RES,,2,0,0,0,0
NCC,Substation05Bus22Bus35_SWT_LINE_22_23,,2,0,0,0,0
NCC,Substation05Bus22Bus35_SWT_LINE_22_23_RES,,2,0,0,0,0
NCC,Substation05Bus22Bus35_SWT_TRAFO_BUS_22,,2,0,0,0,0
NCC,Substation05Bus22Bus35_SWT_TRAFO_BUS_22_RES,,2,0,0,0,0
NCC,Substation05Bus22Bus35_SWT_TRAFO_BUS_35,,2,0,0,0,0
NCC,Substation05Bus22Bus35_SWT_TRAFO_BUS_35_RES,,2,0,0,0,0
NCC,Substation05Bus22Bus35_TAP_TRAFO_22-35,,4,0,0,0,0
NCC,Substation05Bus22Bus35_TAP_TRAFO_22-35_CTRL,,4,0,0,0,0
NCC,Substation05Bus22Bus35_TAP_TRAFO_22-35_MODE,,4,0,0,0,0
NCC,Substation05Bus22Bus35_TAP_TRAFO_22-35_RES,,4,0,0,0,0
NCC,Substation05Bus22Bus35_TRAFO_22_35_LOADING_RES,,4,0,0,0,0
NCC,Substation05Bus22Bus35_TRAFO_22_35_V_RES,,4,0,0,0,0
NCC,Substation05Bus22Bus35_TRAFO_22_35_f_RES,,4,0,0,0,0
NCC,Substation06Bus23Bus36_G7_LOADING_RES,,4,0,0,0,0
NCC,Substation06Bus23Bus36_G7_P_CTRL,,4,0,0,0,0
NCC,Substation06Bus23Bus36_G7_P_RES,,4,0,0,0,0
NCC,Substation06Bus23Bus36_G7_Q_RES,,4,0,0,0,0
NCC,Substation06Bus23Bus36_G7_V_CTRL,,4,0,0,0,0
NCC,Substation06Bus23Bus36_G7_V_RES,,4,0,0,0,0
NCC,Substation06Bus23Bus36_G7_f_RES,,4,0,0,0,0
NCC,Substation06Bus23Bus36_LINE_22_23_I_RES,,4,0,0,0,0
NCC,Substation06Bus23Bus36_LINE_22_23_P_RES,,4,0,0,0,0
NCC,Substation06Bus23Bus36_LINE_22_23_Q_RES,,4,0,0,0,0
NCC,Substation06Bus23Bus36_LINE_23_24_I_RES,,4,0,0,0,0
NCC,Substation06Bus23Bus36_LINE_23_24_P_RES,,4,0,0,0,0
NCC,Substation06Bus23Bus36_LINE_23_24_Q_RES,,4,0,0,0,0
NCC,Substation06Bus23Bus36_LOAD_23_P_RES,,4,0,0,0,0
NCC,Substation06Bus23Bus36_LOAD_23_Q_RES,,4,0,0,0,0
NCC,Substation06Bus23Bus36_SWT_BreakerG7,,2,0,0,0,0
NCC,Substation06Bus23Bus36_SWT_BreakerG7_RES,,2,0,0,0,0
NCC,Substation06Bus23Bus36_SWT_LINE_22_23,,2,0,0,0,0
NCC,Substation06Bus23Bus36_SWT_LINE_22_23_RES,,2,0,0,0,0
NCC,Substation06Bus23Bus36_SWT_LINE_23_24,,2,0,0,0,0
NCC,Substation06Bus23Bus36_SWT_LINE_23_24_RES,,2,0,0,0,0
NCC,Substation06Bus23Bus36_SWT_LOAD_23,,2,0,0,0,0
NCC,Substation06Bus23Bus36_SWT_LOAD_23_RES,,2,0,0,0,0
NCC,Substation06Bus23Bus36_SWT_TRAFO_BUS_23,,2,0,0,0,0
NCC,Substation06Bus23Bus36_SWT_TRAFO_BUS_23_RES,,2,0,0,0,0
NCC,Substation06Bus23Bus36_SWT_TRAFO_BUS_36,,2,0,0,0,0
NCC,Substation06Bus23Bus36_SWT_TRAFO_BUS_36_RES,,2,0,0,0,0
NCC,Substation06Bus23Bus36_TAP_TRAFO_23-36,,4,0,0,0,0
NCC,Substation06Bus23Bus36_TAP_TRAFO_23-36_CTRL,,4,0,0,0,0
NCC,Substation06Bus23Bus36_TAP_TRAFO_23-36_MODE,,4,0,0,0,0
NCC,Substation06Bus23Bus36_TAP_TRAFO_23-36_RES,,4,0,0,0,0
NCC,Substation06Bus23Bus36_TRAFO_23_36_LOADING_RES,,4,0,0,0,0
NCC,Substation06Bus23Bus36_TRAFO_23_36_V_RES,,4,0,0,0,0
NCC,Substation06Bus23Bus36_TRAFO_23_36_f_RES,,4,0,0,0,0
NCC,Substation07Bus19Bus20Bus33Bus34_G4_LOADING_RES,,4,0,0,0,0
NCC,Substation07Bus19Bus20Bus33Bus34_G4_P_CTRL,,4,0,0,0,0
NCC,Substation07Bus19Bus20Bus33Bus34_G4_P_RES,,4,0,0,0,0
NCC,Substation07Bus19Bus20Bus33Bus34_G4_Q_RES,,4,0,0,0,0
NCC,Substation07Bus19Bus20Bus33Bus34_G4_V_CTRL,,4,0,0,0,0
NCC,Substation07Bus19Bus20Bus33Bus34_G4_V_RES,,4,0,0,0,0
NCC,Substation07Bus19Bus20Bus33Bus34_G4_f_RES,,4,0,0,0,0
NCC,Substation07Bus19Bus20Bus33Bus34_G5_LOADING_RES,,4,0,0,0,0
NCC,Substation07Bus19Bus20Bus33Bus34_G5_P_CTRL,,4,0,0,0,0
NCC,Substation07Bus19Bus20Bus33Bus34_G5_P_RES,,4,0,0,0,0
NCC,Substation07Bus19Bus20Bus33Bus34_G5_Q_RES,,4,0,0,0,0
NCC,Substation07Bus19Bus20Bus33Bus34_G5_V_CTRL,,4,0,0,0,0
NCC,Substation07Bus19Bus20Bus33Bus34_G5_V_RES,,4,0,0,0,0
NCC,Substation07Bus19Bus20Bus33Bus34_G5_f_RES,,4,0,0,0,0
NCC,Substation07Bus19Bus20Bus33Bus34_LINE_16_19_I_RES,,4,0,0,0,0
NCC,Substation07Bus19Bus20Bus33Bus34_LINE_16_19_P_RES,,4,0,0,0,0
NCC,Substation07Bus19Bus20Bus33Bus34_LINE_16_19_Q_RES,,4,0,0,0,0
NCC,Substation07Bus19Bus20Bus33Bus34_LOAD_20_P_RES,,4,0,0,0,0
NCC,Substation07Bus19Bus20Bus33Bus34_LOAD_20_Q_RES,,4,0,0,0,0
NCC,Substation07Bus19Bus20Bus33Bus34_SWT_ LINE_16_19,,2,0,0,0,0
NCC,Substation07Bus19Bus20Bus33Bus34_SWT_BreakerG4,,2,0,0,0,0
NCC,Substation07Bus19Bus20Bus33Bus34_SWT_BreakerG4_RES,,2,0,0,0,0
NCC,Substation07Bus19Bus20Bus33Bus34_SWT_BreakerG5,,2,0,0,0,0
NCC,Substation07Bus19Bus20Bus33Bus34_SWT_BreakerG5_RES,,2,0,0,0,0
NCC,Substation07Bus19Bus20Bus33Bus34_SWT_LINE_16_19_RES,,2,0,0,0,0
NCC,Substation07Bus19Bus20Bus33Bus34_SWT_LOAD_20,,2,0,0,0,0
NCC,Substation07Bus19Bus20Bus33Bus34_SWT_LOAD_20_RES,,2,0,0,0,0
NCC,Substation07Bus19Bus20Bus33Bus34_SWT_TRAFO_19_20_BUS_19,,2,0,0,0,0
NCC,Substation07Bus19Bus20Bus33Bus34_SWT_TRAFO_19_20_BUS_20,,2,0,0,0,0
NCC,Substation07Bus19Bus20Bus33Bus34_SWT_TRAFO_19_20_BUS_20_RES,,2,0,0,0,0
NCC,Substation07Bus19Bus20Bus33Bus34_SWT_TRAFO_19_33_BUS_19,,2,0,0,0,0
NCC,Substation07Bus19Bus20Bus33Bus34_SWT_TRAFO_19_33_BUS_19_RES,,2,0,0,0,0
NCC,Substation07Bus19Bus20Bus33Bus34_SWT_TRAFO_BUS_20,,2,0,0,0,0
NCC,Substation07Bus19Bus20Bus33Bus34_SWT_TRAFO_BUS_20_RES,,2,0,0,0,0
NCC,Substation07Bus19Bus20Bus33Bus34_SWT_TRAFO_BUS_33,,2,0,0,0,0
NCC,Substation07Bus19Bus20Bus33Bus34_SWT_TRAFO_BUS_33_RES,,2,0,0,0,0
NCC,Substation07Bus19Bus20Bus33Bus34_SWT_TRAFO_BUS_34,,2,0,0,0,0
NCC,Substation07Bus19Bus20Bus33Bus34_SWT_TRAFO_BUS_34_RES,,2,0,0,0,0
NCC,Substation07Bus19Bus20Bus33Bus34_SWT_TR_19_20_BUS19_RES,,2,0,0,0,0
NCC,Substation07Bus19Bus20Bus33Bus34_TAP19_20,,4,0,0,0,0
NCC,Substation07Bus19Bus20Bus33Bus34_TAP19_33,,4,0,0,0,0
NCC,Substation07Bus19Bus20Bus33Bus34_TAP20_34,,4,0,0,0,0
NCC,Substation07Bus19Bus20Bus33Bus34_TAP_TRAFO_19-20_CTRL,,4,0,0,0,0
NCC,Substation07Bus19Bus20Bus33Bus34_TAP_TRAFO_19-20_MODE,,4,0,0,0,0
NCC,Substation07Bus19Bus20Bus33Bus34_TAP_TRAFO_19-20_RES,,4,0,0,0,0
NCC,Substation07Bus19Bus20Bus33Bus34_TAP_TRAFO_19-33_CTRL,,4,0,0,0,0
NCC,Substation07Bus19Bus20Bus33Bus34_TAP_TRAFO_19-33_MODE,,4,0,0,0,0
NCC,Substation07Bus19Bus20Bus33Bus34_TAP_TRAFO_19-33_RES,,4,0,0,0,0
NCC,Substation07Bus19Bus20Bus33Bus34_TAP_TRAFO_20-34_CTRL,,4,0,0,0,0
NCC,Substation07Bus19Bus20Bus33Bus34_TAP_TRAFO_20-34_MODE,,4,0,0,0,0
NCC,Substation07Bus19Bus20Bus33Bus34_TAP_TRAFO_20-34_RES,,4,0,0,0,0
NCC,Substation07Bus19Bus20Bus33Bus34_TRAFO_19_20_LOADING_RES,,4,0,0,0,0
NCC,Substation07Bus19Bus20Bus33Bus34_TRAFO_19_33_RES,,4,0,0,0,0
NCC,Substation07Bus19Bus20Bus33Bus34_TRAFO_19_33_V_RES,,4,0,0,0,0
NCC,Substation07Bus19Bus20Bus33Bus34_TRAFO_19_33_f_RES,,4,0,0,0,0
NCC,Substation07Bus19Bus20Bus33Bus34_TRAFO_20_34_LOADING_RES,,4,0,0,0,0
NCC,Substation07Bus19Bus20Bus33Bus34_TRAFO_20_34_V_RES,,4,0,0,0,0
NCC,Substation07Bus19Bus20Bus33Bus34_TRAFO_20_34_f_RES,,4,0,0,0,0
NCC,Substation08Bus10Bus32_G3_LOADING_RES,,4,0,0,0,0
NCC,Substation08Bus10Bus32_G3_P_CTRL,,4,0,0,0,0
NCC,Substation08Bus10Bus32_G3_P_RES,,4,0,0,0,0
NCC,Substation08Bus10Bus32_G3_Q_RES,,4,0,0,0,0
NCC,Substation08Bus10Bus32_G3_V_CTRL,,4,0,0,0,0
NCC,Substation08Bus10Bus32_G3_V_RES,,4,0,0,0,0
NCC,Substation08Bus10Bus32_G3_f_RES,,4,0,0,0,0
NCC,Substation08Bus10Bus32_LINE_10_11_I_RES,,4,0,0,0,0
NCC,Substation08Bus10Bus32_LINE_10_11_P_RES,,4,0,0,0,0
NCC,Substation08Bus10Bus32_LINE_10_11_Q_RES,,4,0,0,0,0
NCC,Substation08Bus10Bus32_LINE_10_13_I_RES,,4,0,0,0,0
NCC,Substation08Bus10Bus32_LINE_10_13_P_RES,,4,0,0,0,0
NCC,Substation08Bus10Bus32_LINE_10_13_Q_RES,,4,0,0,0,0
NCC,Substation08Bus10Bus32_SWT_BreakerG3,,2,0,0,0,0
NCC,Substation08Bus10Bus32_SWT_BreakerG3_RES,,2,0,0,0,0
NCC,Substation08Bus10Bus32_SWT_LINE_10_11,,2,0,0,0,0
NCC,Substation08Bus10Bus32_SWT_LINE_10_11_RES,,2,0,0,0,0
NCC,Substation08Bus10Bus32_SWT_LINE_10_13,,2,0,0,0,0
NCC,Substation08Bus10Bus32_SWT_LINE_10_32_RES,,2,0,0,0,0
NCC,Substation08Bus10Bus32_SWT_TRAFO_BUS_10,,2,0,0,0,0
NCC,Substation08Bus10Bus32_SWT_TRAFO_BUS_10_RES,,2,0,0,0,0
NCC,Substation08Bus10Bus32_SWT_TRAFO_BUS_32,,2,0,0,0,0
NCC,Substation08Bus10Bus32_SWT_TRAFO_BUS_32_RES,,2,0,0,0,0
NCC,Substation08Bus10Bus32_TAP_TRAFO_10-32,,4,0,0,0,0
NCC,Substation08Bus10Bus32_TAP_TRAFO_10-32_CTRL,,4,0,0,0,0
NCC,Substation08Bus10Bus32_TAP_TRAFO_10-32_MODE,,4,0,0,0,0
NCC,Substation08Bus10Bus32_TAP_TRAFO_10-32_RES,,4,0,0,0,0
NCC,Substation08Bus10Bus32_TRAFO_10_32_LOADING_RES,,4,0,0,0,0
NCC,Substation08Bus10Bus32_TRAFO_10_32_V_RES,,4,0,0,0,0
NCC,Substation08Bus10Bus32_TRAFO_10_32_f_RES,,4,0,0,0,0
NCC,Substation09Bus06Bus31_G2_LOADING_RES,,4,0,0,0,0
NCC,Substation09Bus06Bus31_G2_P_RES,,4,0,0,0,0
NCC,Substation09Bus06Bus31_G2_Q_RES,,4,0,0,0,0
NCC,Substation09Bus06Bus31_G2_V_CTRL,,4,0,0,0,0
NCC,Substation09Bus06Bus31_G2_V_RES,,4,0,0,0,0
NCC,Substation09Bus06Bus31_G2_f_RES,,4,0,0,0,0
NCC,Substation09Bus06Bus31_LINE_05_06_I_RES,,4,0,0,0,0
NCC,Substation09Bus06Bus31_LINE_05_06_P_RES,,4,0,0,0,0
NCC,Substation09Bus06Bus31_LINE_05_06_Q_RES,,4,0,0,0,0
NCC,Substation09Bus06Bus31_LINE_06_07_I_RES,,4,0,0,0,0
NCC,Substation09Bus06Bus31_LINE_06_07_P_RES,,4,0,0,0,0
NCC,Substation09Bus06Bus31_LINE_06_07_Q_RES,,4,0,0,0,0
NCC,Substation09Bus06Bus31_LINE_06_11_I_RES,,4,0,0,0,0
NCC,Substation09Bus06Bus31_LINE_06_11_P_RES,,4,0,0,0,0
NCC,Substation09Bus06Bus31_LINE_06_11_Q_RES,,4,0,0,0,0
NCC,Substation09Bus06Bus31_LOAD_31_P_RES,,4,0,0,0,0
NCC,Substation09Bus06Bus31_LOAD_31_Q_RES,,4,0,0,0,0
NCC,Substation09Bus06Bus31_SWT_BreakerG2,,2,0,0,0,0
NCC,Substation09Bus06Bus31_SWT_BreakerG2_RES,,2,0,0,0,0
NCC,Substation09Bus06Bus31_SWT_LINE_05_06,,2,0,0,0,0
NCC,Substation09Bus06Bus31_SWT_LINE_05_06_RES,,2,0,0,0,0
NCC,Substation09Bus06Bus31_SWT_LINE_06_07,,2,0,0,0,0
NCC,Substation09Bus06Bus31_SWT_LINE_06_07_RES,,2,0,0,0,0
NCC,Substation09Bus06Bus31_SWT_LINE_06_11,,2,0,0,0,0
NCC,Substation09Bus06Bus31_SWT_LINE_06_11_RES,,2,0,0,0,0
NCC,Substation09Bus06Bus31_SWT_LOAD_31,,2,0,0,0,0
NCC,Substation09Bus06Bus31_SWT_LOAD_31_RES,,2,0,0,0,0
NCC,Substation09Bus06Bus31_SWT_TRAFO_BUS_06,,2,0,0,0,0
NCC,Substation09Bus06Bus31_SWT_TRAFO_BUS_06_RES,,2,0,0,0,0
NCC,Substation09Bus06Bus31_SWT_TRAFO_BUS_31,,2,0,0,0,0
NCC,Substation09Bus06Bus31_SWT_TRAFO_BUS_31_RES,,2,0,0,0,0
NCC,Substation09Bus06Bus31_TAP_TRAFO_06-31_CTRL,,4,0,0,0,0
NCC,Substation09Bus06Bus31_TAP_TRAFO_06-31_MODE,,4,0,0,0,0
NCC,Substation09Bus06Bus31_TAP_TRAFO_06-31_RES,,4,0,0,0,0
NCC,Substation09Bus06Bus31_TRAFO_06_31_LOADING_RES,,4,0,0,0,0
NCC,Substation09Bus06Bus31_TRAFO_06_31_TAP,,4,0,0,0,0
NCC,Substation09Bus06Bus31_TRAFO_06_31_V_RES,,4,0,0,0,0
NCC,Substation09Bus06Bus31_TRAFO_06_31_f_RES,,4,0,0,0,0
NCC,Substation10Bus09_LINE_08_09_I_RES,,4,0,0,0,0
NCC,Substation10Bus09_LINE_08_09_P_RES,,4,0,0,0,0
NCC,Substation10Bus09_LINE_08_09_Q_RES,,4,0,0,0,0
NCC,Substation10Bus09_LINE_09_39_I_RES,,4,0,0,0,0
NCC,Substation10Bus09_LINE_09_39_P_RES,,4,0,0,0,0
NCC,Substation10Bus09_LINE_09_39_Q_RES,,4,0,0,0,0
NCC,Substation10Bus09_LINE_09_39_V_RES,,4,0,0,0,0
NCC,Substation10Bus09_LINE_09_39_f_RES,,4,0,0,0,0
NCC,Substation10Bus09_SWT_LINE_08_09,,2,0,0,0,0
NCC,Substation10Bus09_SWT_LINE_08_09_RES,,2,0,0,0,0
NCC,Substation10Bus09_SWT_LINE_09_39,,2,0,0,0,0
NCC,Substation10Bus09_SWT_LINE_09_39_RES,,2,0,0,0,0
NCC,Substation11Bus08_LINE_05_08_I_RES,,4,0,0,0,0
NCC,Substation11Bus08_LINE_05_08_P_RES,,4,0,0,0,0
NCC,Substation11Bus08_LINE_05_08_Q_RES,,4,0,0,0,0
NCC,Substation11Bus08_LINE_07_08_I_RES,,4,0,0,0,0
NCC,Substation11Bus08_LINE_07_08_P_RES,,4,0,0,0,0
NCC,Substation11Bus08_LINE_07_08_Q_RES,,4,0,0,0,0
NCC,Substation11Bus08_LINE_08_09_I_RES,,4,0,0,0,0
NCC,Substation11Bus08_LINE_08_09_P_RES,,4,0,0,0,0
NCC,Substation11Bus08_LINE_08_09_Q_RES,,4,0,0,0,0
NCC,Substation11Bus08_LOAD_08_P_RES,,4,0,0,0,0
NCC,Substation11Bus08_LOAD_08_Q_RES,,4,0,0,0,0
NCC,Substation11Bus08_LOAD_08_V_RES,,4,0,0,0,0
NCC,Substation11Bus08_LOAD_08_f_RES,,4,0,0,0,0
NCC,Substation11Bus08_SWT_LINE_05_08,,2,0,0,0,0
NCC,Substation11Bus08_SWT_LINE_05_08_RES,,2,0,0,0,0
NCC,Substation11Bus08_SWT_LINE_07_08,,2,0,0,0,0
NCC,Substation11Bus08_SWT_LINE_07_08_RES,,2,0,0,0,0
NCC,Substation11Bus08_SWT_LINE_08_09,,2,0,0,0,0
NCC,Substation11Bus08_SWT_LINE_08_09_RES,,2,0,0,0,0
NCC,Substation11Bus08_SWT_LOAD_08,,2,0,0,0,0
NCC,Substation11Bus08_SWT_LOAD_08_RES,,2,0,0,0,0
NCC,Substation12Bus07_LINE_06_07_I_RES,,4,0,0,0,0
NCC,Substation12Bus07_LINE_06_07_P_RES,,4,0,0,0,0
NCC,Substation12Bus07_LINE_06_07_Q_RES,,4,0,0,0,0
NCC,Substation12Bus07_LINE_07_08_I_RES,,4,0,0,0,0
NCC,Substation12Bus07_LINE_07_08_P_RES,,4,0,0,0,0
NCC,Substation12Bus07_LINE_07_08_Q_RES,,4,0,0,0,0
NCC,Substation12Bus07_LOAD_07_P_RES,,4,0,0,0,0
NCC,Substation12Bus07_LOAD_07_Q_RES,,4,0,0,0,0
NCC,Substation12Bus07_LOAD_07_V_RES,,4,0,0,0,0
NCC,Substation12Bus07_LOAD_07_f_RES,,4,0,0,0,0
NCC,Substation12Bus07_SWT_LINE_06_07,,2,0,0,0,0
NCC,Substation12Bus07_SWT_LINE_06_07_RES,,2,0,0,0,0
NCC,Substation12Bus07_SWT_LINE_07_08,,2,0,0,0,0
NCC,Substation12Bus07_SWT_LINE_07_08_RES,,2,0,0,0,0
NCC,Substation12Bus07_SWT_LOAD_07,,2,0,0,0,0
NCC,Substation12Bus07_SWT_LOAD_07_RES,,2,0,0,0,0
NCC,Substation13Bus11Bus12Bus13_LINE_06_11_I_RES,,4,0,0,0,0
NCC,Substation13Bus11Bus12Bus13_LINE_06_11_P_RES,,4,0,0,0,0
NCC,Substation13Bus11Bus12Bus13_LINE_06_11_Q_RES,,4,0,0,0,0
NCC,Substation13Bus11Bus12Bus13_LINE_10_11_I_RES,,4,0,0,0,0
NCC,Substation13Bus11Bus12Bus13_LINE_10_11_P_RES,,4,0,0,0,0
NCC,Substation13Bus11Bus12Bus13_LINE_10_11_Q_RES,,4,0,0,0,0
NCC,Substation13Bus11Bus12Bus13_LINE_10_13_I_RES,,4,0,0,0,0
NCC,Substation13Bus11Bus12Bus13_LINE_10_13_P_RES,,4,0,0,0,0
NCC,Substation13Bus11Bus12Bus13_LINE_10_13_Q_RES,,4,0,0,0,0
NCC,Substation13Bus11Bus12Bus13_LINE_13_14_I_RES,,4,0,0,0,0
NCC,Substation13Bus11Bus12Bus13_LINE_13_14_P_RES,,4,0,0,0,0
NCC,Substation13Bus11Bus12Bus13_LINE_13_14_Q_RES,,4,0,0,0,0
NCC,Substation13Bus11Bus12Bus13_LOAD_12_P_RES,,4,0,0,0,0
NCC,Substation13Bus11Bus12Bus13_LOAD_12_Q_RES,,4,0,0,0,0
NCC,Substation13Bus11Bus12Bus13_LOAD_12_V_RES,,4,0,0,0,0
NCC,Substation13Bus11Bus12Bus13_LOAD_12_f_RES,,4,0,0,0,0
NCC,Substation13Bus11Bus12Bus13_SWT_LINE_06_11,,2,0,0,0,0
NCC,Substation13Bus11Bus12Bus13_SWT_LINE_06_11_RES,,2,0,0,0,0
NCC,Substation13Bus11Bus12Bus13_SWT_LINE_10_11,,2,0,0,0,0
NCC,Substation13Bus11Bus12Bus13_SWT_LINE_10_11_RES,,2,0,0,0,0
NCC,Substation13Bus11Bus12Bus13_SWT_LINE_10_13,,2,0,0,0,0
NCC,Substation13Bus11Bus12Bus13_SWT_LINE_10_13_RES,,2,0,0,0,0
NCC,Substation13Bus11Bus12Bus13_SWT_LINE_13_14,,2,0,0,0,0
NCC,Substation13Bus11Bus12Bus13_SWT_LINE_13_14_RES,,2,0,0,0,0
NCC,Substation13Bus11Bus12Bus13_SWT_LOAD_12,,2,0,0,0,0
NCC,Substation13Bus11Bus12Bus13_SWT_LOAD_12_RES,,2,0,0,0,0
NCC,Substation13Bus11Bus12Bus13_SWT_TR_11_12_BUS_11,,2,0,0,0,0
NCC,Substation13Bus11Bus12Bus13_SWT_TR_11_12_BUS_11_RES,,2,0,0,0,0
NCC,Substation13Bus11Bus12Bus13_SWT_TR_11_12_BUS_12,,2,0,0,0,0
NCC,Substation13Bus11Bus12Bus13_SWT_TR_11_12_BUS_12_RES,,2,0,0,0,0
NCC,Substation13Bus11Bus12Bus13_SWT_TR_12_13_BUS_12,,2,0,0,0,0
NCC,Substation13Bus11Bus12Bus13_SWT_TR_12_13_BUS_12_RES,,2,0,0,0,0
NCC,Substation13Bus11Bus12Bus13_SWT_TR_12_13_BUS_13,,2,0,0,0,0
NCC,Substation13Bus11Bus12Bus13_SWT_TR_12_13_BUS_13_RES,,2,0,0,0,0
NCC,Substation13Bus11Bus12Bus13_TAP_TR11-12,,4,0,0,0,0
NCC,Substation13Bus11Bus12Bus13_TAP_TR12-13,,4,0,0,0,0
NCC,Substation13Bus11Bus12Bus13_TAP_TRAFO_11-12_CTRL,,4,0,0,0,0
NCC,Substation13Bus11Bus12Bus13_TAP_TRAFO_11-12_MODE,,4,0,0,0,0
NCC,Substation13Bus11Bus12Bus13_TAP_TRAFO_11-12_RES,,4,0,0,0,0
NCC,Substation13Bus11Bus12Bus13_TAP_TRAFO_12-13_CTRL,,4,0,0,0,0
NCC,Substation13Bus11Bus12Bus13_TAP_TRAFO_12-13_MODE,,4,0,0,0,0
NCC,Substation13Bus11Bus12Bus13_TAP_TRAFO_12-13_RES,,4,0,0,0,0
NCC,Substation13Bus11Bus12Bus13_TRAFO_12_13_V_RES,,4,0,0,0,0
NCC,Substation13Bus11Bus12Bus13_TR_11_12_LOADING_RES,,4,0,0,0,0
NCC,Substation13Bus11Bus12Bus13_TR_11_12_V_RES,,4,0,0,0,0
NCC,Substation13Bus11Bus12Bus13_TR_11_12_f_RES,,4,0,0,0,0
NCC,Substation13Bus11Bus12Bus13_TR_12_13_LOADING_RES,,4,0,0,0,0
NCC,Substation13Bus11Bus12Bus13_TR_12_13_f_RES,,4,0,0,0,0
NCC,Substation14Bus05_LINE_04_05_I_RES,,4,0,0,0,0
NCC,Substation14Bus05_LINE_04_05_P_RES,,4,0,0,0,0
NCC,Substation14Bus05_LINE_04_05_Q_RES,,4,0,0,0,0
NCC,Substation14Bus05_LINE_04_05_f_RES,,4,0,0,0,0
NCC,Substation14Bus05_LINE_05_06_I_RES,,4,0,0,0,0
NCC,Substation14Bus05_LINE_05_06_P_RES,,4,0,0,0,0
NCC,Substation14Bus05_LINE_05_06_Q_RES,,4,0,0,0,0
NCC,Substation14Bus05_LINE_05_06_V_RES,,4,0,0,0,0
NCC,Substation14Bus05_LINE_05_08_I_RES,,4,0,0,0,0
NCC,Substation14Bus05_LINE_05_08_P_RES,,4,0,0,0,0
NCC,Substation14Bus05_LINE_05_08_Q_RES,,4,0,0,0,0
NCC,Substation14Bus05_SWT_LINE_04_05,,2,0,0,0,0
NCC,Substation14Bus05_SWT_LINE_04_05_RES,,2,0,0,0,0
NCC,Substation14Bus05_SWT_LINE_05_06,,2,0,0,0,0
NCC,Substation14Bus05_SWT_LINE_05_06_RES,,2,0,0,0,0
NCC,Substation14Bus05_SWT_LINE_05_08,,2,0,0,0,0
NCC,Substation14Bus05_SWT_LINE_05_08_RES,,2,0,0,0,0
NCC,Substation15Bus04_LINE_03_04_I_RES,,4,0,0,0,0
NCC,Substation15Bus04_LINE_03_04_P_RES,,4,0,0,0,0
NCC,Substation15Bus04_LINE_03_04_Q_RES,,4,0,0,0,0
NCC,Substation15Bus04_LINE_04_05_I_RES,,4,0,0,0,0
NCC,Substation15Bus04_LINE_04_05_P_RES,,4,0,0,0,0
NCC,Substation15Bus04_LINE_04_05_Q_RES,,4,0,0,0,0
NCC,Substation15Bus04_LINE_04_14_I_RES,,4,0,0,0,0
NCC,Substation15Bus04_LINE_04_14_P_RES,,4,0,0,0,0
NCC,Substation15Bus04_LINE_04_14_Q_RES,,4,0,0,0,0
NCC,Substation15Bus04_LOAD_04_P_RES,,4,0,0,0,0
NCC,Substation15Bus04_LOAD_04_Q_RES,,4,0,0,0,0
NCC,Substation15Bus04_LOAD_04_V_RES,,4,0,0,0,0
NCC,Substation15Bus04_LOAD_04_f_RES,,4,0,0,0,0
NCC,Substation15Bus04_SWT_LINE_03_04,,2,0,0,0,0
NCC,Substation15Bus04_SWT_LINE_03_04_RES,,2,0,0,0,0
NCC,Substation15Bus04_SWT_LINE_04_05,,2,0,0,0,0
NCC,Substation15Bus04_SWT_LINE_04_05_RES,,2,0,0,0,0
NCC,Substation15Bus04_SWT_LINE_04_14,,2,0,0,0,0
NCC,Substation15Bus04_SWT_LINE_04_14_RES,,2,0,0,0,0
NCC,Substation15Bus04_SWT_LOAD_04,,2,0,0,0,0
NCC,Substation15Bus04_SWT_LOAD_04_RES,,2,0,0,0,0
NCC,Substation16Bus03_LINE_02_03_I_RES,,4,0,0,0,0
NCC,Substation16Bus03_LINE_02_03_P_RES,,4,0,0,0,0
NCC,Substation16Bus03_LINE_02_03_Q_RES,,4,0,0,0,0
NCC,Substation16Bus03_LINE_03_04_I_RES,,4,0,0,0,0
NCC,Substation16Bus03_LINE_03_04_P_RES,,4,0,0,0,0
NCC,Substation16Bus03_LINE_03_04_Q_RES,,4,0,0,0,0
NCC,Substation16Bus03_LINE_03_18_I_RES,,4,0,0,0,0
NCC,Substation16Bus03_LINE_03_18_P_RES,,4,0,0,0,0
NCC,Substation16Bus03_LINE_03_18_Q_RES,,4,0,0,0,0
NCC,Substation16Bus03_LOAD_03_P_RES,,4,0,0,0,0
NCC,Substation16Bus03_LOAD_03_Q_RES,,4,0,0,0,0
NCC,Substation16Bus03_LOAD_03_V_RES,,4,0,0,0,0
NCC,Substation16Bus03_LOAD_03_f_RES,,4,0,0,0,0
NCC,Substation16Bus03_SWT_LINE_02_03,,2,0,0,0,0
NCC,Substation16Bus03_SWT_LINE_02_03_RES,,2,0,0,0,0
NCC,Substation16Bus03_SWT_LINE_03_04,,2,0,0,0,0
NCC,Substation16Bus03_SWT_LINE_03_04_RES,,2,0,0,0,0
NCC,Substation16Bus03_SWT_LINE_03_18,,2,0,0,0,0
NCC,Substation16Bus03_SWT_LINE_03_18_RES,,2,0,0,0,0
NCC,Substation16Bus03_SWT_LOAD_03,,2,0,0,0,0
NCC,Substation16Bus03_SWT_LOAD_03_RES,,2,0,0,0,0
NCC,Substation17Bus01_LINE_01_02_I_RES,,4,0,0,0,0
NCC,Substation17Bus01_LINE_01_02_P_RES,,4,0,0,0,0
NCC,Substation17Bus01_LINE_01_02_Q_RES,,4,0,0,0,0
NCC,Substation17Bus01_LINE_01_02_V_RES,,4,0,0,0,0
NCC,Substation17Bus01_LINE_01_02_f_RES,,4,0,0,0,0
NCC,Substation17Bus01_LINE_01_39_I_RES,,4,0,0,0,0
NCC,Substation17Bus01_LINE_01_39_P_RES,,4,0,0,0,0
NCC,Substation17Bus01_LINE_01_39_Q_RES,,4,0,0,0,0
NCC,Substation17Bus01_SWT_LINE_01_02,,2,0,0,0,0
NCC,Substation17Bus01_SWT_LINE_01_02_RES,,2,0,0,0,0
NCC,Substation17Bus01_SWT_LINE_01_39,,2,0,0,0,0
NCC,Substation17Bus01_SWT_LINE_01_39_RES,,2,0,0,0,0
NCC,Substation18Bus18_LINE_03_18_I_RES,,4,0,0,0,0
NCC,Substation18Bus18_LINE_03_18_P_RES,,4,0,0,0,0
NCC,Substation18Bus18_LINE_03_18_Q_RES,,4,0,0,0,0
NCC,Substation18Bus18_LINE_17_18_I_RES,,4,0,0,0,0
NCC,Substation18Bus18_LINE_17_18_P_RES,,4,0,0,0,0
NCC,Substation18Bus18_LINE_17_18_Q_RES,,4,0,0,0,0
NCC,Substation18Bus18_LOAD_18_P_RES,,4,0,0,0,0
NCC,Substation18Bus18_LOAD_18_Q_RES,,4,0,0,0,0
NCC,Substation18Bus18_LOAD_18_V_RES,,4,0,0,0,0
NCC,Substation18Bus18_LOAD_18_f_RES,,4,0,0,0,0
NCC,Substation18Bus18_SWT_LINE_03_18,,2,0,0,0,0
NCC,Substation18Bus18_SWT_LINE_03_18_RES,,2,0,0,0,0
NCC,Substation18Bus18_SWT_LINE_17_18,,2,0,0,0,0
NCC,Substation18Bus18_SWT_LINE_17_18_RES,,2,0,0,0,0
NCC,Substation18Bus18_SWT_LOAD_18,,2,0,0,0,0
NCC,Substation18Bus18_SWT_LOAD_18_RES,,2,0,0,0,0
NCC,Substation19Bus26_LINE_25_26_I_RES,,4,0,0,0,0
NCC,Substation19Bus26_LINE_25_26_P_RES,,4,0,0,0,0
NCC,Substation19Bus26_LINE_25_26_Q_RES,,4,0,0,0,0
NCC,Substation19Bus26_LINE_26_27_I_RES,,4,0,0,0,0
NCC,Substation19Bus26_LINE_26_27_P_RES,,4,0,0,0,0
NCC,Substation19Bus26_LINE_26_27_Q_RES,,4,0,0,0,0
NCC,Substation19Bus26_LINE_26_28_I_RES,,4,0,0,0,0
NCC,Substation19Bus26_LINE_26_28_P_RES,,4,0,0,0,0
NCC,Substation19Bus26_LINE_26_28_Q_RES,,4,0,0,0,0
NCC,Substation19Bus26_LINE_26_29_I_RES,,4,0,0,0,0
NCC,Substation19Bus26_LINE_26_29_P_RES,,4,0,0,0,0
NCC,Substation19Bus26_LINE_26_29_Q_RES,,4,0,0,0,0
NCC,Substation19Bus26_LOAD_26_P_RES,,4,0,0,0,0
NCC,Substation19Bus26_LOAD_26_Q_RES,,4,0,0,0,0
NCC,Substation19Bus26_LOAD_26_f_RES,,4,0,0,0,0
NCC,Substation19Bus26_Load_26_V_RES,,4,0,0,0,0
NCC,Substation19Bus26_SWT_LINE_25_26,,2,0,0,0,0
NCC,Substation19Bus26_SWT_LINE_25_26_RES,,2,0,0,0,0
NCC,Substation19Bus26_SWT_LINE_26_27,,2,0,0,0,0
NCC,Substation19Bus26_SWT_LINE_26_27_RES,,2,0,0,0,0
NCC,Substation19Bus26_SWT_LINE_26_28,,2,0,0,0,0
NCC,Substation19Bus26_SWT_LINE_26_28_RES,,2,0,0,0,0
NCC,Substation19Bus26_SWT_LINE_26_29,,2,0,0,0,0
NCC,Substation19Bus26_SWT_LINE_26_29_RES,,2,0,0,0,0
NCC,Substation19Bus26_SWT_LOAD_26,,2,0,0,0,0
NCC,Substation19Bus26_SWT_LOAD_26_RES,,2,0,0,0,0
NCC,Substation20Bus28_LINE_26_28_I_RES,,4,0,0,0,0
NCC,Substation20Bus28_LINE_26_28_P_RES,,4,0,0,0,0
NCC,Substation20Bus28_LINE_26_28_Q_RES,,4,0,0,0,0
NCC,Substation20Bus28_LINE_28_29_I_RES,,4,0,0,0,0
NCC,Substation20Bus28_LINE_28_29_P_RES,,4,0,0,0,0
NCC,Substation20Bus28_LINE_28_29_Q_RES,,4,0,0,0,0
NCC,Substation20Bus28_LOAD_28_P_RES,,4,0,0,0,0
NCC,Substation20Bus28_LOAD_28_Q_RES,,4,0,0,0,0
NCC,Substation20Bus28_LOAD_28_V_RES,,4,0,0,0,0
NCC,Substation20Bus28_LOAD_28_f_RES,,4,0,0,0,0
NCC,Substation20Bus28_SWT_LINE_26_28,,2,0,0,0,0
NCC,Substation20Bus28_SWT_LINE_26_28_RES,,2,0,0,0,0
NCC,Substation20Bus28_SWT_LINE_28_29,,2,0,0,0,0
NCC,Substation20Bus28_SWT_LINE_28_29_RES,,2,0,0,0,0
NCC,Substation20Bus28_SWT_LOAD_28,,2,0,0,0,0
NCC,Substation20Bus28_SWT_LOAD_28_RES,,2,0,0,0,0
NCC,Substation21Bus24_LINE_16_24_I_RES,,4,0,0,0,0
NCC,Substation21Bus24_LINE_16_24_P_RES,,4,0,0,0,0
NCC,Substation21Bus24_LINE_16_24_Q_RES,,4,0,0,0,0
NCC,Substation21Bus24_LINE_23_24_I_RES,,4,0,0,0,0
NCC,Substation21Bus24_LINE_23_24_P_RES,,4,0,0,0,0
NCC,Substation21Bus24_LINE_23_24_Q_RES,,4,0,0,0,0
NCC,Substation21Bus24_LOAD_24_P_RES,,4,0,0,0,0
NCC,Substation21Bus24_LOAD_24_Q_RES,,4,0,0,0,0
NCC,Substation21Bus24_LOAD_24_V_RES,,4,0,0,0,0
NCC,Substation21Bus24_LOAD_24_f_RES,,4,0,0,0,0
NCC,Substation21Bus24_SWT_LINE_16_24,,2,0,0,0,0
NCC,Substation21Bus24_SWT_LINE_16_24_RES,,2,0,0,0,0
NCC,Substation21Bus24_SWT_LINE_23_24,,2,0,0,0,0
NCC,Substation21Bus24_SWT_LINE_23_24_RES,,2,0,0,0,0
NCC,Substation21Bus24_SWT_LOAD_24,,2,0,0,0,0
NCC,Substation21Bus24_SWT_LOAD_24_RES,,2,0,0,0,0
NCC,Substation22Bus27_LINE_17_27_I_RES,,4,0,0,0,0
NCC,Substation22Bus27_LINE_17_27_P_RES,,4,0,0,0,0
NCC,Substation22Bus27_LINE_17_27_Q_RES,,4,0,0,0,0
NCC,Substation22Bus27_LINE_26_27_I_RES,,4,0,0,0,0
NCC,Substation22Bus27_LINE_26_27_P_RES,,4,0,0,0,0
NCC,Substation22Bus27_LINE_26_27_Q_RES,,4,0,0,0,0
NCC,Substation22Bus27_LOAD_27_P_RES,,4,0,0,0,0
NCC,Substation22Bus27_LOAD_27_Q_RES,,4,0,0,0,0
NCC,Substation22Bus27_LOAD_27_V_RES,,4,0,0,0,0
NCC,Substation22Bus27_LOAD_27_f_RES,,4,0,0,0,0
NCC,Substation22Bus27_SWT_LINE_17_27,,2,0,0,0,0
NCC,Substation22Bus27_SWT_LINE_17_27_RES,,2,0,0,0,0
NCC,Substation22Bus27_SWT_LINE_26_27,,2,0,0,0,0
NCC,Substation22Bus27_SWT_LINE_26_27_RES,,2,0,0,0,0
NCC,Substation22Bus27_SWT_LOAD_27,,2,0,0,0,0
NCC,Substation22Bus27_SWT_LOAD_27_RES,,2,0,0,0,0
NCC,Substation23Bus17_LINE_16_17_I_RES,,4,0,0,0,0
NCC,Substation23Bus17_LINE_16_17_P_RES,,4,0,0,0,0
NCC,Substation23Bus17_LINE_16_17_Q_RES,,4,0,0,0,0
NCC,Substation23Bus17_LINE_16_17_V_RES,,4,0,0,0,0
NCC,Substation23Bus17_LINE_16_17_f_RES,,4,0,0,0,0
NCC,Substation23Bus17_LINE_17_18_I_RES,,4,0,0,0,0
NCC,Substation23Bus17_LINE_17_18_P_RES,,4,0,0,0,0
NCC,Substation23Bus17_LINE_17_18_Q_RES,,4,0,0,0,0
NCC,Substation23Bus17_LINE_17_27_I_RES,,4,0,0,0,0
NCC,Substation23Bus17_LINE_17_27_P_RES,,4,0,0,0,0
NCC,Substation23Bus17_LINE_17_27_Q_RES,,4,0,0,0,0
NCC,Substation23Bus17_SWT_LINE_16_17,,2,0,0,0,0
NCC,Substation23Bus17_SWT_LINE_16_17_RES,,2,0,0,0,0
NCC,Substation23Bus17_SWT_LINE_17_18,,2,0,0,0,0
NCC,Substation23Bus17_SWT_LINE_17_18_RES,,2,0,0,0,0
NCC,Substation23Bus17_SWT_LINE_17_27,,2,0,0,0,0
NCC,Substation23Bus17_SWT_LINE_17_27_RES,,2,0,0,0,0
NCC,Substation24Bus16_LINE_15_16_I_RES,,4,0,0,0,0
NCC,Substation24Bus16_LINE_15_16_P_RES,,4,0,0,0,0
NCC,Substation24Bus16_LINE_15_16_Q_RES,,4,0,0,0,0
NCC,Substation24Bus16_LINE_16_17_I_RES,,4,0,0,0,0
NCC,Substation24Bus16_LINE_16_17_P_RES,,4,0,0,0,0
NCC,Substation24Bus16_LINE_16_17_Q_RES,,4,0,0,0,0
NCC,Substation24Bus16_LINE_16_19_I_RES,,4,0,0,0,0
NCC,Substation24Bus16_LINE_16_19_P_RES,,4,0,0,0,0
NCC,Substation24Bus16_LINE_16_19_Q_RES,,4,0,0,0,0
NCC,Substation24Bus16_LINE_16_21_I_RES,,4,0,0,0,0
NCC,Substation24Bus16_LINE_16_21_P_RES,,4,0,0,0,0
NCC,Substation24Bus16_LINE_16_21_Q_RES,,4,0,0,0,0
NCC,Substation24Bus16_LINE_16_24_I_RES,,4,0,0,0,0
NCC,Substation24Bus16_LINE_16_24_P_RES,,4,0,0,0,0
NCC,Substation24Bus16_LINE_16_24_Q_RES,,4,0,0,0,0
NCC,Substation24Bus16_LOAD_16_P_RES,,4,0,0,0,0
NCC,Substation24Bus16_LOAD_16_Q_RES,,4,0,0,0,0
NCC,Substation24Bus16_LOAD_16_V_RES,,4,0,0,0,0
NCC,Substation24Bus16_LOAD_16_f_RES,,4,0,0,0,0
NCC,Substation24Bus16_SWT_LINE_15_16,,2,0,0,0,0
NCC,Substation24Bus16_SWT_LINE_15_16_RES,,2,0,0,0,0
NCC,Substation24Bus16_SWT_LINE_16_17,,2,0,0,0,0
NCC,Substation24Bus16_SWT_LINE_16_17_RES,,2,0,0,0,0
NCC,Substation24Bus16_SWT_LINE_16_19,,2,0,0,0,0
NCC,Substation24Bus16_SWT_LINE_16_19_RES,,2,0,0,0,0
NCC,Substation24Bus16_SWT_LINE_16_21,,2,0,0,0,0
NCC,Substation24Bus16_SWT_LINE_16_21_RES,,2,0,0,0,0
NCC,Substation24Bus16_SWT_LINE_16_24,,2,0,0,0,0
NCC,Substation24Bus16_SWT_LINE_16_24_RES,,2,0,0,0,0
NCC,Substation24Bus16_SWT_LOAD_16,,2,0,0,0,0
NCC,Substation24Bus16_SWT_LOAD_16_RES,,2,0,0,0,0
NCC,Substation25Bus21_LINE_16_21_I_RES,,4,0,0,0,0
NCC,Substation25Bus21_LINE_16_21_P_RES,,4,0,0,0,0
NCC,Substation25Bus21_LINE_16_21_Q_RES,,4,0,0,0,0
NCC,Substation25Bus21_LINE_21_22_I_RES,,4,0,0,0,0
NCC,Substation25Bus21_LINE_21_22_P_RES,,4,0,0,0,0
NCC,Substation25Bus21_LINE_21_22_Q_RES,,4,0,0,0,0
NCC,Substation25Bus21_LOAD_21_P_RES,,4,0,0,0,0
NCC,Substation25Bus21_LOAD_21_Q_RES,,4,0,0,0,0
NCC,Substation25Bus21_LOAD_21_V_RES,,4,0,0,0,0
NCC,Substation25Bus21_LOAD_21_f_RES,,4,0,0,0,0
NCC,Substation25Bus21_SWT_LINE_16_21,,2,0,0,0,0
NCC,Substation25Bus21_SWT_LINE_16_21_RES,,2,0,0,0,0
NCC,Substation25Bus21_SWT_LINE_21_22,,2,0,0,0,0
NCC,Substation25Bus21_SWT_LINE_21_22_RES,,2,0,0,0,0
NCC,Substation25Bus21_SWT_LOAD_21,,2,0,0,0,0
NCC,Substation25Bus21_SWT_LOAD_21_RES,,2,0,0,0,0
NCC,Substation26Bus15_LINE_14_15_I_RES,,4,0,0,0,0
NCC,Substation26Bus15_LINE_14_15_P_RES,,4,0,0,0,0
NCC,Substation26Bus15_LINE_14_15_Q_RES,,4,0,0,0,0
NCC,Substation26Bus15_LINE_15_16_I_RES,,4,0,0,0,0
NCC,Substation26Bus15_LINE_15_16_P_RES,,4,0,0,0,0
NCC,Substation26Bus15_LINE_15_16_Q_RES,,4,0,0,0,0
NCC,Substation26Bus15_LOAD_15_P_RES,,4,0,0,0,0
NCC,Substation26Bus15_LOAD_15_Q_RES,,4,0,0,0,0
NCC,Substation26Bus15_LOAD_15_V_RES,,4,0,0,0,0
NCC,Substation26Bus15_LOAD_15_f_RES,,4,0,0,0,0
NCC,Substation26Bus15_SWT_LINE_14_15,,2,0,0,0,0
NCC,Substation26Bus15_SWT_LINE_14_15_RES,,2,0,0,0,0
NCC,Substation26Bus15_SWT_LINE_15_16,,2,0,0,0,0
NCC,Substation26Bus15_SWT_LINE_15_16_RES,,2,0,0,0,0
NCC,Substation26Bus15_SWT_LOAD_15,,2,0,0,0,0
NCC,Substation26Bus15_SWT_LOAD_15_RES,,2,0,0,0,0
NCC,Substation27Bus14_LINE_04_14_I_RES,,4,0,0,0,0
NCC,Substation27Bus14_LINE_04_14_P_RES,,4,0,0,0,0
NCC,Substation27Bus14_LINE_04_14_Q_RES,,4,0,0,0,0
NCC,Substation27Bus14_LINE_13_14_I_RES,,4,0,0,0,0
NCC,Substation27Bus14_LINE_13_14_P_RES,,4,0,0,0,0
NCC,Substation27Bus14_LINE_13_14_Q_RES,,4,0,0,0,0
NCC,Substation27Bus14_LINE_13_14_V_RES,,4,0,0,0,0
NCC,Substation27Bus14_LINE_13_14_f_RES,,4,0,0,0,0
NCC,Substation27Bus14_LINE_14_15_I_RES,,4,0,0,0,0
NCC,Substation27Bus14_LINE_14_15_P_RES,,4,0,0,0,0
NCC,Substation27Bus14_LINE_14_15_Q_RES,,4,0,0,0,0
NCC,Substation27Bus14_SWT_LINE_04_14,,2,0,0,0,0
NCC,Substation27Bus14_SWT_LINE_04_14_RES,,2,0,0,0,0
NCC,Substation27Bus14_SWT_LINE_13_14,,2,0,0,0,0
NCC,Substation27Bus14_SWT_LINE_13_14_RES,,2,0,0,0,0
NCC,Substation27Bus14_SWT_LINE_14_15,,2,0,0,0,0
NCC,Substation27Bus14_SWT_LINE_14_15_RES,,2,0,0,0,0
Substation10Bus09,BUS_09_V_RES,,4,0,0,0,0
Substation10Bus09,LINE_08_09_I_RES,,4,0,0,0,0
Substation10Bus09,LINE_08_09_P_RES,,4,0,0,0,0
Substation10Bus09,LINE_08_09_Q_RES,,4,0,0,0,0
Substation10Bus09,LINE_08_09_V_RES,,4,0,0,0,0
Substation10Bus09,LINE_09_39_I_RES,,4,0,0,0,0
Substation10Bus09,LINE_09_39_P_RES,,4,0,0,0,0
Substation10Bus09,LINE_09_39_Q_RES,,4,0,0,0,0
Substation10Bus09,LINE_09_39_V_RES,,4,0,0,0,0
Substation10Bus09,LINE_09_39_f_RES,,4,0,0,0,0
Substation10Bus09,SWT_LINE_08_09,,2,0,0,0,0
Substation10Bus09,SWT_LINE_08_09_RES,,2,0,0,0,0
Substation10Bus09,SWT_LINE_09_39,,2,0,0,0,0
Substation10Bus09,SWT_LINE_09_39_RES,,2,0,0,0,0
Substation11Bus08,BUS_08_V_RES,,4,0,0,0,0
Substation11Bus08,LINE_05_08_I_RES,,4,0,0,0,0
Substation11Bus08,LINE_05_08_P_RES,,4,0,0,0,0
Substation11Bus08,LINE_05_08_Q_RES,,4,0,0,0,0
Substation11Bus08,LINE_05_08_V_RES,,4,0,0,0,0
Substation11Bus08,LINE_07_08_I_RES,,4,0,0,0,0
Substation11Bus08,LINE_07_08_P_RES,,4,0,0,0,0
Substation11Bus08,LINE_07_08_Q_RES,,4,0,0,0,0
Substation11Bus08,LINE_07_08_V_RES,,4,0,0,0,0
Substation11Bus08,LINE_08_09_I_RES,,4,0,0,0,0
Substation11Bus08,LINE_08_09_P_RES,,4,0,0,0,0
Substation11Bus08,LINE_08_09_Q_RES,,4,0,0,0,0
Substation11Bus08,LINE_08_09_V_RES,,4,0,0,0,0
Substation11Bus08,LOAD_08_P_RES,,4,0,0,0,0
Substation11Bus08,LOAD_08_Q_RES,,4,0,0,0,0
Substation11Bus08,LOAD_08_V_RES,,4,0,0,0,0
Substation11Bus08,LOAD_08_f_RES,,4,0,0,0,0
Substation11Bus08,SWT_LINE_05_08,,2,0,0,0,0
Substation11Bus08,SWT_LINE_05_08_RES,,2,0,0,0,0
Substation11Bus08,SWT_LINE_07_08,,2,0,0,0,0
Substation11Bus08,SWT_LINE_07_08_RES,,2,0,0,0,0
Substation11Bus08,SWT_LINE_08_09,,2,0,0,0,0
Substation11Bus08,SWT_LINE_08_09_RES,,2,0,0,0,0
Substation11Bus08,SWT_LOAD_08,,2,0,0,0,0
Substation11Bus08,SWT_LOAD_08_RES,,2,0,0,0,0
Substation12Bus07,BUS_07_V_RES,,4,0,0,0,0
Substation12Bus07,LINE_06_07_I_RES,,4,0,0,0,0
Substation12Bus07,LINE_06_07_P_RES,,4,0,0,0,0
Substation12Bus07,LINE_06_07_Q_RES,,4,0,0,0,0
Substation12Bus07,LINE_06_07_V_RES,,4,0,0,0,0
Substation12Bus07,LINE_07_08_I_RES,,4,0,0,0,0
Substation12Bus07,LINE_07_08_P_RES,,4,0,0,0,0
Substation12Bus07,LINE_07_08_Q_RES,,4,0,0,0,0
Substation12Bus07,LINE_07_08_V_RES,,4,0,0,0,0
Substation12Bus07,LOAD_07_P_RES,,4,0,0,0,0
Substation12Bus07,LOAD_07_Q_RES,,4,0,0,0,0
Substation12Bus07,LOAD_07_V_RES,,4,0,0,0,0
Substation12Bus07,LOAD_07_f_RES,,4,0,0,0,0
Substation12Bus07,SWT_LINE_06_07,,2,0,0,0,0
Substation12Bus07,SWT_LINE_06_07_RES,,2,0,0,0,0
Substation12Bus07,SWT_LINE_07_08,,2,0,0,0,0
Substation12Bus07,SWT_LINE_07_08_RES,,2,0,0,0,0
Substation12Bus07,SWT_LOAD_07,,2,0,0,0,0
Substation12Bus07,SWT_LOAD_07_RES,,2,0,0,0,0
Substation13Bus11Bus12Bus13,BUS_11_V_RES,,4,0,0,0,0
Substation13Bus11Bus12Bus13,BUS_12_V_RES,,4,0,0,0,0
Substation13Bus11Bus12Bus13,BUS_13_V_RES,,4,0,0,0,0
Substation13Bus11Bus12Bus13,LINE_06_11_I_RES,,4,0,0,0,0
Substation13Bus11Bus12Bus13,LINE_06_11_P_RES,,4,0,0,0,0
Substation13Bus11Bus12Bus13,LINE_06_11_Q_RES,,4,0,0,0,0
Substation13Bus11Bus12Bus13,LINE_06_11_V_RES,,4,0,0,0,0
Substation13Bus11Bus12Bus13,LINE_10_11_I_RES,,4,0,0,0,0
Substation13Bus11Bus12Bus13,LINE_10_11_P_RES,,4,0,0,0,0
Substation13Bus11Bus12Bus13,LINE_10_11_Q_RES,,4,0,0,0,0
Substation13Bus11Bus12Bus13,LINE_10_11_V_RES,,4,0,0,0,0
Substation13Bus11Bus12Bus13,LINE_10_13_I_RES,,4,0,0,0,0
Substation13Bus11Bus12Bus13,LINE_10_13_P_RES,,4,0,0,0,0
Substation13Bus11Bus12Bus13,LINE_10_13_Q_RES,,4,0,0,0,0
Substation13Bus11Bus12Bus13,LINE_10_13_V_RES,,4,0,0,0,0
Substation13Bus11Bus12Bus13,LINE_13_14_I_RES,,4,0,0,0,0
Substation13Bus11Bus12Bus13,LINE_13_14_P_RES,,4,0,0,0,0
Substation13Bus11Bus12Bus13,LINE_13_14_Q_RES,,4,0,0,0,0
Substation13Bus11Bus12Bus13,LINE_13_14_V_RES,,4,0,0,0,0
Substation13Bus11Bus12Bus13,LOAD_12_P_RES,,4,0,0,0,0
Substation13Bus11Bus12Bus13,LOAD_12_Q_RES,,4,0,0,0,0
Substation13Bus11Bus12Bus13,LOAD_12_V_RES,,4,0,0,0,0
Substation13Bus11Bus12Bus13,LOAD_12_f_RES,,4,0,0,0,0
Substation13Bus11Bus12Bus13,SWT_LINE_06_11,,2,0,0,0,0
Substation13Bus11Bus12Bus13,SWT_LINE_06_11_RES,,2,0,0,0,0
Substation13Bus11Bus12Bus13,SWT_LINE_10_11,,2,0,0,0,0
Substation13Bus11Bus12Bus13,SWT_LINE_10_11_RES,,2,0,0,0,0
Substation13Bus11Bus12Bus13,SWT_LINE_10_13,,2,0,0,0,0
Substation13Bus11Bus12Bus13,SWT_LINE_10_13_RES,,2,0,0,0,0
Substation13Bus11Bus12Bus13,SWT_LINE_13_14,,2,0,0,0,0
Substation13Bus11Bus12Bus13,SWT_LINE_13_14_RES,,2,0,0,0,0
Substation13Bus11Bus12Bus13,SWT_LOAD_12,,2,0,0,0,0
Substation13Bus11Bus12Bus13,SWT_LOAD_12_RES,,2,0,0,0,0
Substation13Bus11Bus12Bus13,SWT_TR_11_12_BUS_11,,2,0,0,0,0
Substation13Bus11Bus12Bus13,SWT_TR_11_12_BUS_11_RES,,2,0,0,0,0
Substation13Bus11Bus12Bus13,SWT_TR_11_12_BUS_12,,2,0,0,0,0
Substation13Bus11Bus12Bus13,SWT_TR_11_12_BUS_12_RES,,2,0,0,0,0
Substation13Bus11Bus12Bus13,SWT_TR_12_13_BUS_12,,2,0,0,0,0
Substation13Bus11Bus12Bus13,SWT_TR_12_13_BUS_12_RES,,2,0,0,0,0
Substation13Bus11Bus12Bus13,SWT_TR_12_13_BUS_13,,2,0,0,0,0
Substation13Bus11Bus12Bus13,SWT_TR_12_13_BUS_13_RES,,2,0,0,0,0
Substation13Bus11Bus12Bus13,TAP_TR11-12,,4,0,0,0,0
Substation13Bus11Bus12Bus13,TAP_TR12-13,,4,0,0,0,0
Substation13Bus11Bus12Bus13,TAP_TRAFO_11-12_CTRL,,4,0,0,0,0
Substation13Bus11Bus12Bus13,TAP_TRAFO_11-12_MODE,,4,0,0,0,0
Substation13Bus11Bus12Bus13,TAP_TRAFO_11-12_RES,,4,0,0,0,0
Substation13Bus11Bus12Bus13,TAP_TRAFO_12-13_CTRL,,4,0,0,0,0
Substation13Bus11Bus12Bus13,TAP_TRAFO_12-13_MODE,,4,0,0,0,0
Substation13Bus11Bus12Bus13,TAP_TRAFO_12-13_RES,,4,0,0,0,0
Substation13Bus11Bus12Bus13,TRAFO_11_12_BUS_11_P_RES,,4,0,0,0,0
Substation13Bus11Bus12Bus13,TRAFO_11_12_BUS_11_Q_RES,,4,0,0,0,0
Substation13Bus11Bus12Bus13,TRAFO_11_12_BUS_12_P_RES,,4,0,0,0,0
Substation13Bus11Bus12Bus13,TRAFO_11_12_BUS_12_Q_RES,,4,0,0,0,0
Substation13Bus11Bus12Bus13,TRAFO_11_12_BUS_12_V_RES,,4,0,0,0,0
Substation13Bus11Bus12Bus13,TRAFO_12_13_BUS_12_P_RES,,4,0,0,0,0
Substation13Bus11Bus12Bus13,TRAFO_12_13_BUS_12_Q_RES,,4,0,0,0,0
Substation13Bus11Bus12Bus13,TRAFO_12_13_BUS_12_V_RES,,4,0,0,0,0
Substation13Bus11Bus12Bus13,TRAFO_12_13_BUS_13_P_RES,,4,0,0,0,0
Substation13Bus11Bus12Bus13,TRAFO_12_13_BUS_13_Q_RES,,4,0,0,0,0
Substation13Bus11Bus12Bus13,TRAFO_12_13_V_RES,,4,0,0,0,0
Substation13Bus11Bus12Bus13,TR_11_12_LOADING_RES,,4,0,0,0,0
Substation13Bus11Bus12Bus13,TR_11_12_V_RES,,4,0,0,0,0
Substation13Bus11Bus12Bus13,TR_11_12_f_RES,,4,0,0,0,0
Substation13Bus11Bus12Bus13,TR_12_13_LOADING_RES,,4,0,0,0,0
Substation13Bus11Bus12Bus13,TR_12_13_f_RES,,4,0,0,0,0
Substation14Bus05,BUS_05_V_RES,,4,0,0,0,0
Substation14Bus05,LINE_04_05_I_RES,,4,0,0,0,0
Substation14Bus05,LINE_04_05_P_RES,,4,0,0,0,0
Substation14Bus05,LINE_04_05_Q_RES,,4,0,0,0,0
Substation14Bus05,LINE_04_05_V_RES,,4,0,0,0,0
Substation14Bus05,LINE_04_05_f_RES,,4,0,0,0,0
Substation14Bus05,LINE_05_06_I_RES,,4,0,0,0,0
Substation14Bus05,LINE_05_06_P_RES,,4,0,0,0,0
Substation14Bus05,LINE_05_06_Q_RES,,4,0,0,0,0
Substation14Bus05,LINE_05_06_V_RES,,4,0,0,0,0
Substation14Bus05,LINE_05_08_I_RES,,4,0,0,0,0
Substation14Bus05,LINE_05_08_P_RES,,4,0,0,0,0
Substation14Bus05,LINE_05_08_Q_RES,,4,0,0,0,0
Substation14Bus05,LINE_05_08_V_RES,,4,0,0,0,0
Substation14Bus05,SWT_LINE_04_05,,2,0,0,0,0
Substation14Bus05,SWT_LINE_04_05_RES,,2,0,0,0,0
Substation14Bus05,SWT_LINE_05_06,,2,0,0,0,0
Substation14Bus05,SWT_LINE_05_06_RES,,2,0,0,0,0
Substation14Bus05,SWT_LINE_05_08,,2,0,0,0,0
Substation14Bus05,SWT_LINE_05_08_RES,,2,0,0,0,0
Substation15Bus04,BUS_04_V_RES,,4,0,0,0,0
Substation15Bus04,LINE_03_04_I_RES,,4,0,0,0,0
Substation15Bus04,LINE_03_04_P_RES,,4,0,0,0,0
Substation15Bus04,LINE_03_04_Q_RES,,4,0,0,0,0
Substation15Bus04,LINE_03_04_V_RES,,4,0,0,0,0
Substation15Bus04,LINE_04_05_I_RES,,4,0,0,0,0
Substation15Bus04,LINE_04_05_P_RES,,4,0,0,0,0
Substation15Bus04,LINE_04_05_Q_RES,,4,0,0,0,0
Substation15Bus04,LINE_04_05_V_RES,,4,0,0,0,0
Substation15Bus04,LINE_04_14_I_RES,,4,0,0,0,0
Substation15Bus04,LINE_04_14_P_RES,,4,0,0,0,0
Substation15Bus04,LINE_04_14_Q_RES,,4,0,0,0,0
Substation15Bus04,LINE_04_14_V_RES,,4,0,0,0,0
Substation15Bus04,LOAD_04_P_RES,,4,0,0,0,0
Substation15Bus04,LOAD_04_Q_RES,,4,0,0,0,0
Substation15Bus04,LOAD_04_V_RES,,4,0,0,0,0
Substation15Bus04,LOAD_04_f_RES,,4,0,0,0,0
Substation15Bus04,SWT_LINE_03_04,,2,0,0,0,0
Substation15Bus04,SWT_LINE_03_04_RES,,2,0,0,0,0
Substation15Bus04,SWT_LINE_04_05,,2,0,0,0,0
Substation15Bus04,SWT_LINE_04_05_RES,,2,0,0,0,0
Substation15Bus04,SWT_LINE_04_14,,2,0,0,0,0
Substation15Bus04,SWT_LINE_04_14_RES,,2,0,0,0,0
Substation15Bus04,SWT_LOAD_04,,2,0,0,0,0
Substation15Bus04,SWT_LOAD_04_RES,,2,0,0,0,0
Substation16Bus03,BUS_03_V_RES,,4,0,0,0,0
Substation16Bus03,LINE_02_03_I_RES,,4,0,0,0,0
Substation16Bus03,LINE_02_03_P_RES,,4,0,0,0,0
Substation16Bus03,LINE_02_03_Q_RES,,4,0,0,0,0
Substation16Bus03,LINE_02_03_V_RES,,4,0,0,0,0
Substation16Bus03,LINE_03_04_I_RES,,4,0,0,0,0
Substation16Bus03,LINE_03_04_P_RES,,4,0,0,0,0
Substation16Bus03,LINE_03_04_Q_RES,,4,0,0,0,0
Substation16Bus03,LINE_03_04_V_RES,,4,0,0,0,0
Substation16Bus03,LINE_03_18_I_RES,,4,0,0,0,0
Substation16Bus03,LINE_03_18_P_RES,,4,0,0,0,0
Substation16Bus03,LINE_03_18_Q_RES,,4,0,0,0,0
Substation16Bus03,LINE_03_18_V_RES,,4,0,0,0,0
Substation16Bus03,LOAD_03_P_RES,,4,0,0,0,0
Substation16Bus03,LOAD_03_Q_RES,,4,0,0,0,0
Substation16Bus03,LOAD_03_V_RES,,4,0,0,0,0
Substation16Bus03,LOAD_03_f_RES,,4,0,0,0,0
Substation16Bus03,SWT_LINE_02_03,,2,0,0,0,0
Substation16Bus03,SWT_LINE_02_03_RES,,2,0,0,0,0
Substation16Bus03,SWT_LINE_03_04,,2,0,0,0,0
Substation16Bus03,SWT_LINE_03_04_RES,,2,0,0,0,0
Substation16Bus03,SWT_LINE_03_18,,2,0,0,0,0
Substation16Bus03,SWT_LINE_03_18_RES,,2,0,0,0,0
Substation16Bus03,SWT_LOAD_03,,2,0,0,0,0
Substation16Bus03,SWT_LOAD_03_RES,,2,0,0,0,0
Substation17Bus01,BUS_01_V_RES,,4,0,0,0,0
Substation17Bus01,LINE_01_02_I_RES,,4,0,0,0,0
Substation17Bus01,LINE_01_02_P_RES,,4,0,0,0,0
Substation17Bus01,LINE_01_02_Q_RES,,4,0,0,0,0
Substation17Bus01,LINE_01_02_V_RES,,4,0,0,0,0
Substation17Bus01,LINE_01_02_f_RES,,4,0,0,0,0
Substation17Bus01,LINE_01_39_I_RES,,4,0,0,0,0
Substation17Bus01,LINE_01_39_P_RES,,4,0,0,0,0
Substation17Bus01,LINE_01_39_Q_RES,,4,0,0,0,0
Substation17Bus01,LINE_01_39_V_RES,,4,0,0,0,0
Substation17Bus01,SWT_LINE_01_02,,2,0,0,0,0
Substation17Bus01,SWT_LINE_01_02_RES,,2,0,0,0,0
Substation17Bus01,SWT_LINE_01_39,,2,0,0,0,0
Substation17Bus01,SWT_LINE_01_39_RES,,2,0,0,0,0
Substation18Bus18,BUS_18_V_RES,,4,0,0,0,0
Substation18Bus18,LINE_03_18_I_RES,,4,0,0,0,0
Substation18Bus18,LINE_03_18_P_RES,,4,0,0,0,0
Substation18Bus18,LINE_03_18_Q_RES,,4,0,0,0,0
Substation18Bus18,LINE_03_18_V_RES,,4,0,0,0,0
Substation18Bus18,LINE_17_18_I_RES,,4,0,0,0,0
Substation18Bus18,LINE_17_18_P_RES,,4,0,0,0,0
Substation18Bus18,LINE_17_18_Q_RES,,4,0,0,0,0
Substation18Bus18,LINE_17_18_V_RES,,4,0,0,0,0
Substation18Bus18,LOAD_18_P_RES,,4,0,0,0,0
Substation18Bus18,LOAD_18_Q_RES,,4,0,0,0,0
Substation18Bus18,LOAD_18_V_RES,,4,0,0,0,0
Substation18Bus18,LOAD_18_f_RES,,4,0,0,0,0
Substation18Bus18,SWT_LINE_03_18,,2,0,0,0,0
Substation18Bus18,SWT_LINE_03_18_RES,,2,0,0,0,0
Substation18Bus18,SWT_LINE_17_18,,2,0,0,0,0
Substation18Bus18,SWT_LINE_17_18_RES,,2,0,0,0,0
Substation18Bus18,SWT_LOAD_18,,2,0,0,0,0
Substation18Bus18,SWT_LOAD_18_RES,,2,0,0,0,0
Substation19Bus26,BUS_26_V_RES,,4,0,0,0,0
Substation19Bus26,LINE_25_26_I_RES,,4,0,0,0,0
Substation19Bus26,LINE_25_26_P_RES,,4,0,0,0,0
Substation19Bus26,LINE_25_26_Q_RES,,4,0,0,0,0
Substation19Bus26,LINE_25_26_V_RES,,4,0,0,0,0
Substation19Bus26,LINE_26_27_I_RES,,4,0,0,0,0
Substation19Bus26,LINE_26_27_P_RES,,4,0,0,0,0
Substation19Bus26,LINE_26_27_Q_RES,,4,0,0,0,0
Substation19Bus26,LINE_26_27_V_RES,,4,0,0,0,0
Substation19Bus26,LINE_26_28_I_RES,,4,0,0,0,0
Substation19Bus26,LINE_26_28_P_RES,,4,0,0,0,0
Substation19Bus26,LINE_26_28_Q_RES,,4,0,0,0,0
Substation19Bus26,LINE_26_28_V_RES,,4,0,0,0,0
Substation19Bus26,LINE_26_29_I_RES,,4,0,0,0,0
Substation19Bus26,LINE_26_29_P_RES,,4,0,0,0,0
Substation19Bus26,LINE_26_29_Q_RES,,4,0,0,0,0
Substation19Bus26,LINE_26_29_V_RES,,4,0,0,0,0
Substation19Bus26,LOAD_26_P_RES,,4,0,0,0,0
Substation19Bus26,LOAD_26_Q_RES,,4,0,0,0,0
Substation19Bus26,LOAD_26_f_RES,,4,0,0,0,0
Substation19Bus26,Load_26_V_RES,,4,0,0,0,0
Substation19Bus26,SWT_LINE_25_26,,2,0,0,0,0
Substation19Bus26,SWT_LINE_25_26_RES,,2,0,0,0,0
Substation19Bus26,SWT_LINE_26_27,,2,0,0,0,0
Substation19Bus26,SWT_LINE_26_27_RES,,2,0,0,0,0
Substation19Bus26,SWT_LINE_26_28,,2,0,0,0,0
Substation19Bus26,SWT_LINE_26_28_RES,,2,0,0,0,0
Substation19Bus26,SWT_LINE_26_29,,2,0,0,0,0
Substation19Bus26,SWT_LINE_26_29_RES,,2,0,0,0,0
Substation19Bus26,SWT_LOAD_26,,2,0,0,0,0
Substation19Bus26,SWT_LOAD_26_RES,,2,0,0,0,0
Substation1Bus39,BUS_39_V_RES,,4,0,0,0,0
Substation1Bus39,G1_LOADING_RES,,4,0,0,0,0
Substation1Bus39,G1_P_CTRL,,4,0,0,0,0
Substation1Bus39,G1_P_RES,,4,0,0,0,0
Substation1Bus39,G1_Q_RES,,4,0,0,0,0
Substation1Bus39,G1_V_CTRL,,4,0,0,0,0
Substation1Bus39,G1_V_RES,,4,0,0,0,0
Substation1Bus39,G1_f_RES,,4,0,0,0,0
Substation1Bus39,GEN_PSUM_RES,,4,0,0,0,0
Substation1Bus39,LINE_01_39_I_RES,,4,0,0,0,0
Substation1Bus39,LINE_01_39_P_RES,,4,0,0,0,0
Substation1Bus39,LINE_01_39_Q_RES,,4,0,0,0,0
Substation1Bus39,LINE_01_39_V_RES,,4,0,0,0,0
Substation1Bus39,LINE_09_39_I_RES,,4,0,0,0,0
Substation1Bus39,LINE_09_39_P_RES,,4,0,0,0,0
Substation1Bus39,LINE_09_39_Q_RES,,4,0,0,0,0
Substation1Bus39,LINE_09_39_V_RES,,4,0,0,0,0
Substation1Bus39,LOAD_39_P_RES,,4,0,0,0,0
Substation1Bus39,LOAD_39_Q_RES,,4,0,0,0,0
Substation1Bus39,LOAD_39_V_RES,,4,0,0,0,0
Substation1Bus39,MODE,,2,0,0,0,0
Substation1Bus39,SWT_BreakerG1,,2,0,0,0,0
Substation1Bus39,SWT_BreakerG1_RES,,2,0,0,0,0
Substation1Bus39,SWT_LINE_01_39,,2,0,0,0,0
Substation1Bus39,SWT_LINE_01_39_RES,,2,0,0,0,0
Substation1Bus39,SWT_LINE_09_39,,2,0,0,0,0
Substation1Bus39,SWT_LINE_09_39_RES,,2,0,0,0,0
Substation1Bus39,SWT_LOAD_39,,2,0,0,0,0
Substation1Bus39,SWT_LOAD_39_RES,,2,0,0,0,0
Substation20Bus28,BUS_28_V_RES,,4,0,0,0,0
Substation20Bus28,LINE_26_28_I_RES,,4,0,0,0,0
Substation20Bus28,LINE_26_28_P_RES,,4,0,0,0,0
Substation20Bus28,LINE_26_28_Q_RES,,4,0,0,0,0
Substation20Bus28,LINE_26_28_V_RES,,4,0,0,0,0
Substation20Bus28,LINE_28_29_I_RES,,4,0,0,0,0
Substation20Bus28,LINE_28_29_P_RES,,4,0,0,0,0
Substation20Bus28,LINE_28_29_Q_RES,,4,0,0,0,0
Substation20Bus28,LINE_28_29_V_RES,,4,0,0,0,0
Substation20Bus28,LOAD_28_P_RES,,4,0,0,0,0
Substation20Bus28,LOAD_28_Q_RES,,4,0,0,0,0
Substation20Bus28,LOAD_28_V_RES,,4,0,0,0,0
Substation20Bus28,LOAD_28_f_RES,,4,0,0,0,0
Substation20Bus28,SWT_LINE_26_28,,2,0,0,0,0
Substation20Bus28,SWT_LINE_26_28_RES,,2,0,0,0,0
Substation20Bus28,SWT_LINE_28_29,,2,0,0,0,0
Substation20Bus28,SWT_LINE_28_29_RES,,2,0,0,0,0
Substation20Bus28,SWT_LOAD_28,,2,0,0,0,0
Substation20Bus28,SWT_LOAD_28_RES,,2,0,0,0,0
Substation21Bus24,BUS_24_V_RES,,4,0,0,0,0
Substation21Bus24,LINE_16_24_I_RES,,4,0,0,0,0
Substation21Bus24,LINE_16_24_P_RES,,4,0,0,0,0
Substation21Bus24,LINE_16_24_Q_RES,,4,0,0,0,0
Substation21Bus24,LINE_16_24_V_RES,,4,0,0,0,0
Substation21Bus24,LINE_23_24_I_RES,,4,0,0,0,0
Substation21Bus24,LINE_23_24_P_RES,,4,0,0,0,0
Substation21Bus24,LINE_23_24_Q_RES,,4,0,0,0,0
Substation21Bus24,LINE_23_24_V_RES,,4,0,0,0,0
Substation21Bus24,LOAD_24_P_RES,,4,0,0,0,0
Substation21Bus24,LOAD_24_Q_RES,,4,0,0,0,0
Substation21Bus24,LOAD_24_V_RES,,4,0,0,0,0
Substation21Bus24,LOAD_24_f_RES,,4,0,0,0,0
Substation21Bus24,SWT_LINE_16_24,,2,0,0,0,0
Substation21Bus24,SWT_LINE_16_24_RES,,2,0,0,0,0
Substation21Bus24,SWT_LINE_23_24,,2,0,0,0,0
Substation21Bus24,SWT_LINE_23_24_RES,,2,0,0,0,0
Substation21Bus24,SWT_LOAD_24,,2,0,0,0,0
Substation21Bus24,SWT_LOAD_24_RES,,2,0,0,0,0
Substation22Bus27,BUS_27_V_RES,,4,0,0,0,0
Substation22Bus27,LINE_17_27_I_RES,,4,0,0,0,0
Substation22Bus27,LINE_17_27_P_RES,,4,0,0,0,0
Substation22Bus27,LINE_17_27_Q_RES,,4,0,0,0,0
Substation22Bus27,LINE_17_27_V_RES,,4,0,0,0,0
Substation22Bus27,LINE_26_27_I_RES,,4,0,0,0,0
Substation22Bus27,LINE_26_27_P_RES,,4,0,0,0,0
Substation22Bus27,LINE_26_27_Q_RES,,4,0,0,0,0
Substation22Bus27,LINE_26_27_V_RES,,4,0,0,0,0
Substation22Bus27,LOAD_27_P_RES,,4,0,0,0,0
Substation22Bus27,LOAD_27_Q_RES,,4,0,0,0,0
Substation22Bus27,LOAD_27_V_RES,,4,0,0,0,0
Substation22Bus27,LOAD_27_f_RES,,4,0,0,0,0
Substation22Bus27,SWT_LINE_17_27,,2,0,0,0,0
Substation22Bus27,SWT_LINE_17_27_RES,,2,0,0,0,0
Substation22Bus27,SWT_LINE_26_27,,2,0,0,0,0
Substation22Bus27,SWT_LINE_26_27_RES,,2,0,0,0,0
Substation22Bus27,SWT_LOAD_27,,2,0,0,0,0
Substation22Bus27,SWT_LOAD_27_RES,,2,0,0,0,0
Substation23Bus17,BUS_17_V_RES,,4,0,0,0,0
Substation23Bus17,LINE_16_17_I_RES,,4,0,0,0,0
Substation23Bus17,LINE_16_17_P_RES,,4,0,0,0,0
Substation23Bus17,LINE_16_17_Q_RES,,4,0,0,0,0
Substation23Bus17,LINE_16_17_V_RES,,4,0,0,0,0
Substation23Bus17,LINE_16_17_f_RES,,4,0,0,0,0
Substation23Bus17,LINE_17_18_I_RES,,4,0,0,0,0
Substation23Bus17,LINE_17_18_P_RES,,4,0,0,0,0
Substation23Bus17,LINE_17_18_Q_RES,,4,0,0,0,0
Substation23Bus17,LINE_17_18_V_RES,,4,0,0,0,0
Substation23Bus17,LINE_17_27_I_RES,,4,0,0,0,0
Substation23Bus17,LINE_17_27_P_RES,,4,0,0,0,0
Substation23Bus17,LINE_17_27_Q_RES,,4,0,0,0,0
Substation23Bus17,LINE_17_27_V_RES,,4,0,0,0,0
Substation23Bus17,SWT_LINE_16_17,,2,0,0,0,0
Substation23Bus17,SWT_LINE_16_17_RES,,2,0,0,0,0
Substation23Bus17,SWT_LINE_17_18,,2,0,0,0,0
Substation23Bus17,SWT_LINE_17_18_RES,,2,0,0,0,0
Substation23Bus17,SWT_LINE_17_27,,2,0,0,0,0
Substation23Bus17,SWT_LINE_17_27_RES,,2,0,0,0,0
Substation24Bus16,BUS_16_V_RES,,4,0,0,0,0
Substation24Bus16,LINE_15_16_I_RES,,4,0,0,0,0
Substation24Bus16,LINE_15_16_P_RES,,4,0,0,0,0
Substation24Bus16,LINE_15_16_Q_RES,,4,0,0,0,0
Substation24Bus16,LINE_15_16_V_RES,,4,0,0,0,0
Substation24Bus16,LINE_16_17_I_RES,,4,0,0,0,0
Substation24Bus16,LINE_16_17_P_RES,,4,0,0,0,0
Substation24Bus16,LINE_16_17_Q_RES,,4,0,0,0,0
Substation24Bus16,LINE_16_17_V_RES,,4,0,0,0,0
Substation24Bus16,LINE_16_19_I_RES,,4,0,0,0,0
Substation24Bus16,LINE_16_19_P_RES,,4,0,0,0,0
Substation24Bus16,LINE_16_19_Q_RES,,4,0,0,0,0
Substation24Bus16,LINE_16_19_V_RES,,4,0,0,0,0
Substation24Bus16,LINE_16_21_I_RES,,4,0,0,0,0
Substation24Bus16,LINE_16_21_P_RES,,4,0,0,0,0
Substation24Bus16,LINE_16_21_Q_RES,,4,0,0,0,0
Substation24Bus16,LINE_16_21_V_RES,,4,0,0,0,0
Substation24Bus16,LINE_16_24_I_RES,,4,0,0,0,0
Substation24Bus16,LINE_16_24_P_RES,,4,0,0,0,0
Substation24Bus16,LINE_16_24_Q_RES,,4,0,0,0,0
Substation24Bus16,LINE_16_24_V_RES,,4,0,0,0,0
Substation24Bus16,LOAD_16_P_RES,,4,0,0,0,0
Substation24Bus16,LOAD_16_Q_RES,,4,0,0,0,0
Substation24Bus16,LOAD_16_V_RES,,4,0,0,0,0
Substation24Bus16,LOAD_16_f_RES,,4,0,0,0,0
Substation24Bus16,SWT_LINE_15_16,,2,0,0,0,0
Substation24Bus16,SWT_LINE_15_16_RES,,2,0,0,0,0
Substation24Bus16,SWT_LINE_16_17,,2,0,0,0,0
Substation24Bus16,SWT_LINE_16_17_RES,,2,0,0,0,0
Substation24Bus16,SWT_LINE_16_19,,2,0,0,0,0
Substation24Bus16,SWT_LINE_16_19_RES,,2,0,0,0,0
Substation24Bus16,SWT_LINE_16_21,,2,0,0,0,0
Substation24Bus16,SWT_LINE_16_21_RES,,2,0,0,0,0
Substation24Bus16,SWT_LINE_16_24,,2,0,0,0,0
Substation24Bus16,SWT_LINE_16_24_RES,,2,0,0,0,0
Substation24Bus16,SWT_LOAD_16,,2,0,0,0,0
Substation24Bus16,SWT_LOAD_16_RES,,2,0,0,0,0
Substation25Bus21,BUS_21_V_RES,,4,0,0,0,0
Substation25Bus21,LINE_16_21_I_RES,,4,0,0,0,0
Substation25Bus21,LINE_16_21_P_RES,,4,0,0,0,0
Substation25Bus21,LINE_16_21_Q_RES,,4,0,0,0,0
Substation25Bus21,LINE_16_21_V_RES,,4,0,0,0,0
Substation25Bus21,LINE_21_22_I_RES,,4,0,0,0,0
Substation25Bus21,LINE_21_22_P_RES,,4,0,0,0,0
Substation25Bus21,LINE_21_22_Q_RES,,4,0,0,0,0
Substation25Bus21,LINE_21_22_V_RES,,4,0,0,0,0
Substation25Bus21,LOAD_21_P_RES,,4,0,0,0,0
Substation25Bus21,LOAD_21_Q_RES,,4,0,0,0,0
Substation25Bus21,LOAD_21_V_RES,,4,0,0,0,0
Substation25Bus21,LOAD_21_f_RES,,4,0,0,0,0
Substation25Bus21,SWT_LINE_16_21,,2,0,0,0,0
Substation25Bus21,SWT_LINE_16_21_RES,,2,0,0,0,0
Substation25Bus21,SWT_LINE_21_22,,2,0,0,0,0
Substation25Bus21,SWT_LINE_21_22_RES,,2,0,0,0,0
Substation25Bus21,SWT_LOAD_21,,2,0,0,0,0
Substation25Bus21,SWT_LOAD_21_RES,,2,0,0,0,0
Substation26Bus15,BUS_15_V_RES,,4,0,0,0,0
Substation26Bus15,LINE_14_15_I_RES,,4,0,0,0,0
Substation26Bus15,LINE_14_15_P_RES,,4,0,0,0,0
Substation26Bus15,LINE_14_15_Q_RES,,4,0,0,0,0
Substation26Bus15,LINE_14_15_V_RES,,4,0,0,0,0
Substation26Bus15,LINE_15_16_I_RES,,4,0,0,0,0
Substation26Bus15,LINE_15_16_P_RES,,4,0,0,0,0
Substation26Bus15,LINE_15_16_Q_RES,,4,0,0,0,0
Substation26Bus15,LINE_15_16_V_RES,,4,0,0,0,0
Substation26Bus15,LOAD_15_P_RES,,4,0,0,0,0
Substation26Bus15,LOAD_15_Q_RES,,4,0,0,0,0
Substation26Bus15,LOAD_15_V_RES,,4,0,0,0,0
Substation26Bus15,LOAD_15_f_RES,,4,0,0,0,0
Substation26Bus15,SWT_LINE_14_15,,2,0,0,0,0
Substation26Bus15,SWT_LINE_14_15_RES,,2,0,0,0,0
Substation26Bus15,SWT_LINE_15_16,,2,0,0,0,0
Substation26Bus15,SWT_LINE_15_16_RES,,2,0,0,0,0
Substation26Bus15,SWT_LOAD_15,,2,0,0,0,0
Substation26Bus15,SWT_LOAD_15_RES,,2,0,0,0,0
Substation27Bus14,BUS_14_V_RES,,4,0,0,0,0
Substation27Bus14,LINE_04_14_I_RES,,4,0,0,0,0
Substation27Bus14,LINE_04_14_P_RES,,4,0,0,0,0
Substation27Bus14,LINE_04_14_Q_RES,,4,0,0,0,0
Substation27Bus14,LINE_04_14_V_RES,,4,0,0,0,0
Substation27Bus14,LINE_13_14_I_RES,,4,0,0,0,0
Substation27Bus14,LINE_13_14_P_RES,,4,0,0,0,0
Substation27Bus14,LINE_13_14_Q_RES,,4,0,0,0,0
Substation27Bus14,LINE_13_14_V_RES,,4,0,0,0,0
Substation27Bus14,LINE_13_14_f_RES,,4,0,0,0,0
Substation27Bus14,LINE_14_15_I_RES,,4,0,0,0,0
Substation27Bus14,LINE_14_15_P_RES,,4,0,0,0,0
Substation27Bus14,LINE_14_15_Q_RES,,4,0,0,0,0
Substation27Bus14,LINE_14_15_V_RES,,4,0,0,0,0
Substation27Bus14,SWT_LINE_04_14,,2,0,0,0,0
Substation27Bus14,SWT_LINE_04_14_RES,,2,0,0,0,0
Substation27Bus14,SWT_LINE_13_14,,2,0,0,0,0
Substation27Bus14,SWT_LINE_13_14_RES,,2,0,0,0,0
Substation27Bus14,SWT_LINE_14_15,,2,0,0,0,0
Substation27Bus14,SWT_LINE_14_15_RES,,2,0,0,0,0
Substation2Bus02Bus30,BUS_02_V_RES,,4,0,0,0,0
Substation2Bus02Bus30,BUS_30_V_RES,,4,0,0,0,0
Substation2Bus02Bus30,G10_LOADING_RES,,4,0,0,0,0
Substation2Bus02Bus30,G10_P_CTRL,,4,0,0,0,0
Substation2Bus02Bus30,G10_P_RES,,4,0,0,0,0
Substation2Bus02Bus30,G10_Q_RES,,4,0,0,0,0
Substation2Bus02Bus30,G10_V_CTRL,,4,0,0,0,0
Substation2Bus02Bus30,G10_V_RES,,4,0,0,0,0
Substation2Bus02Bus30,G10_f_RES,,4,0,0,0,0
Substation2Bus02Bus30,LINE_01_02_I_RES,,4,0,0,0,0
Substation2Bus02Bus30,LINE_01_02_P_RES,,4,0,0,0,0
Substation2Bus02Bus30,LINE_01_02_Q_RES,,4,0,0,0,0
Substation2Bus02Bus30,LINE_01_02_V_RES,,4,0,0,0,0
Substation2Bus02Bus30,LINE_02_03_I_RES,,4,0,0,0,0
Substation2Bus02Bus30,LINE_02_03_P_RES,,4,0,0,0,0
Substation2Bus02Bus30,LINE_02_03_Q_RES,,4,0,0,0,0
Substation2Bus02Bus30,LINE_02_03_V_RES,,4,0,0,0,0
Substation2Bus02Bus30,LINE_02_25_I_RES,,4,0,0,0,0
Substation2Bus02Bus30,LINE_02_25_P_RES,,4,0,0,0,0
Substation2Bus02Bus30,LINE_02_25_Q_RES,,4,0,0,0,0
Substation2Bus02Bus30,LINE_02_25_V_RES,,4,0,0,0,0
Substation2Bus02Bus30,SWT_BreakerG10,,2,0,0,0,0
Substation2Bus02Bus30,SWT_BreakerG10_RES,,2,0,0,0,0
Substation2Bus02Bus30,SWT_LINE_01_02,,2,0,0,0,0
Substation2Bus02Bus30,SWT_LINE_01_02_RES,,2,0,0,0,0
Substation2Bus02Bus30,SWT_LINE_02_03,,2,0,0,0,0
Substation2Bus02Bus30,SWT_LINE_02_03_RES,,2,0,0,0,0
Substation2Bus02Bus30,SWT_LINE_02_25,,2,0,0,0,0
Substation2Bus02Bus30,SWT_LINE_02_25_RES,,2,0,0,0,0
Substation2Bus02Bus30,SWT_TRAFO_BUS_02,,2,0,0,0,0
Substation2Bus02Bus30,SWT_TRAFO_BUS_02_RES,,2,0,0,0,0
Substation2Bus02Bus30,SWT_TRAFO_BUS_30,,2,0,0,0,0
Substation2Bus02Bus30,SWT_TRAFO_BUS_30_RES,,2,0,0,0,0
Substation2Bus02Bus30,TAP_TRAFO_02-30,,4,0,0,0,0
Substation2Bus02Bus30,TAP_TRAFO_02-30_CTRL,,4,0,0,0,0
Substation2Bus02Bus30,TAP_TRAFO_02-30_MODE,,4,0,0,0,0
Substation2Bus02Bus30,TAP_TRAFO_02-30_RES,,4,0,0,0,0
Substation2Bus02Bus30,TRAFO_02_30_BUS_02_P_RES,,4,0,0,0,0
Substation2Bus02Bus30,TRAFO_02_30_BUS_02_Q_RES,,4,0,0,0,0
Substation2Bus02Bus30,TRAFO_02_30_BUS_30_P_RES,,4,0,0,0,0
Substation2Bus02Bus30,TRAFO_02_30_BUS_30_Q_RES,,4,0,0,0,0
Substation2Bus02Bus30,TRAFO_02_30_BUS_30_V_RES,,4,0,0,0,0
Substation2Bus02Bus30,TRAFO_02_30_LOADING_RES,,4,0,0,0,0
Substation2Bus02Bus30,TRAFO_02_30_V_RES,,4,0,0,0,0
Substation2Bus02Bus30,TRAFO_02_30_f_RES,,4,0,0,0,0
Substation3Bus25Bus37,BUS_25_V_RES,,4,0,0,0,0
Substation3Bus25Bus37,BUS_37_V_RES,,4,0,0,0,0
Substation3Bus25Bus37,G8_LOADING_RES,,4,0,0,0,0
Substation3Bus25Bus37,G8_P_CTRL,,4,0,0,0,0
Substation3Bus25Bus37,G8_P_RES,,4,0,0,0,0
Substation3Bus25Bus37,G8_Q_RES,,4,0,0,0,0
Substation3Bus25Bus37,G8_V_CTRL,,4,0,0,0,0
Substation3Bus25Bus37,G8_V_RES,,4,0,0,0,0
Substation3Bus25Bus37,G8_f_RES,,4,0,0,0,0
Substation3Bus25Bus37,LINE_02_25_I_RES,,4,0,0,0,0
Substation3Bus25Bus37,LINE_02_25_P_RES,,4,0,0,0,0
Substation3Bus25Bus37,LINE_02_25_Q_RES,,4,0,0,0,0
Substation3Bus25Bus37,LINE_02_25_V_RES,,4,0,0,0,0
Substation3Bus25Bus37,LINE_25_26_I_RES,,4,0,0,0,0
Substation3Bus25Bus37,LINE_25_26_P_RES,,4,0,0,0,0
Substation3Bus25Bus37,LINE_25_26_Q_RES,,4,0,0,0,0
Substation3Bus25Bus37,LINE_25_26_V_RES,,4,0,0,0,0
Substation3Bus25Bus37,LOAD_25_P_RES,,4,0,0,0,0
Substation3Bus25Bus37,LOAD_25_Q_RES,,4,0,0,0,0
Substation3Bus25Bus37,LOAD_25_V_RES,,4,0,0,0,0
Substation3Bus25Bus37,SWT_BreakerG8,,2,0,0,0,0
Substation3Bus25Bus37,SWT_BreakerG8_RES,,2,0,0,0,0
Substation3Bus25Bus37,SWT_LINE_02_25,,2,0,0,0,0
Substation3Bus25Bus37,SWT_LINE_02_25_RES,,2,0,0,0,0
Substation3Bus25Bus37,SWT_LINE_25_26,,2,0,0,0,0
Substation3Bus25Bus37,SWT_LINE_25_26_RES,,2,0,0,0,0
Substation3Bus25Bus37,SWT_LOAD_25,,2,0,0,0,0
Substation3Bus25Bus37,SWT_LOAD_25_RES,,2,0,0,0,0
Substation3Bus25Bus37,SWT_TRAFO_BUS_25,,2,0,0,0,0
Substation3Bus25Bus37,SWT_TRAFO_BUS_25_RES,,2,0,0,0,0
Substation3Bus25Bus37,SWT_TRAFO_BUS_37,,2,0,0,0,0
Substation3Bus25Bus37,SWT_TRAFO_BUS_37_RES,,2,0,0,0,0
Substation3Bus25Bus37,TAP_TRAFO_25-37,,4,0,0,0,0
Substation3Bus25Bus37,TAP_TRAFO_25-37_CTRL,,4,0,0,0,0
Substation3Bus25Bus37,TAP_TRAFO_25-37_MODE,,4,0,0,0,0
Substation3Bus25Bus37,TAP_TRAFO_25-37_RES,,4,0,0,0,0
Substation3Bus25Bus37,TRAFO_25_37_BUS_25_P_RES,,4,0,0,0,0
Substation3Bus25Bus37,TRAFO_25_37_BUS_25_Q_RES,,4,0,0,0,0
Substation3Bus25Bus37,TRAFO_25_37_BUS_37_P_RES,,4,0,0,0,0
Substation3Bus25Bus37,TRAFO_25_37_BUS_37_Q_RES,,4,0,0,0,0
Substation3Bus25Bus37,TRAFO_25_37_BUS_37_V_RES,,4,0,0,0,0
Substation3Bus25Bus37,TRAFO_25_37_LOADING_RES,,4,0,0,0,0
Substation3Bus25Bus37,TRAFO_25_37_V_RES,,4,0,0,0,0
Substation3Bus25Bus37,TRAFO_25_37_f_RES,,4,0,0,0,0
Substation4Bus29Bus38,BUS_29_V_RES,,4,0,0,0,0
Substation4Bus29Bus38,BUS_38_V_RES,,4,0,0,0,0
Substation4Bus29Bus38,G9_LOADING_RES,,4,0,0,0,0
Substation4Bus29Bus38,G9_P_CTRL,,4,0,0,0,0
Substation4Bus29Bus38,G9_P_RES,,4,0,0,0,0
Substation4Bus29Bus38,G9_Q_RES,,4,0,0,0,0
Substation4Bus29Bus38,G9_V_CTRL,,4,0,0,0,0
Substation4Bus29Bus38,G9_V_RES,,4,0,0,0,0
Substation4Bus29Bus38,G9_f_RES,,4,0,0,0,0
Substation4Bus29Bus38,LINE_26_29_I_RES,,4,0,0,0,0
Substation4Bus29Bus38,LINE_26_29_P_RES,,4,0,0,0,0
Substation4Bus29Bus38,LINE_26_29_Q_RES,,4,0,0,0,0
Substation4Bus29Bus38,LINE_26_29_V_RES,,4,0,0,0,0
Substation4Bus29Bus38,LINE_28_29_I_RES,,4,0,0,0,0
Substation4Bus29Bus38,LINE_28_29_P_RES,,4,0,0,0,0
Substation4Bus29Bus38,LINE_28_29_Q_RES,,4,0,0,0,0
Substation4Bus29Bus38,LINE_28_29_V_RES,,4,0,0,0,0
Substation4Bus29Bus38,LOAD_29_P_RES,,4,0,0,0,0
Substation4Bus29Bus38,LOAD_29_Q_RES,,4,0,0,0,0
Substation4Bus29Bus38,LOAD_29_V_RES,,4,0,0,0,0
Substation4Bus29Bus38,SWT_BreakerG9,,2,0,0,0,0
Substation4Bus29Bus38,SWT_BreakerG9_RES,,2,0,0,0,0
Substation4Bus29Bus38,SWT_LINE_26_29,,2,0,0,0,0
Substation4Bus29Bus38,SWT_LINE_26_29_RES,,2,0,0,0,0
Substation4Bus29Bus38,SWT_LINE_28_29,,2,0,0,0,0
Substation4Bus29Bus38,SWT_LINE_28_29_RES,,2,0,0,0,0
Substation4Bus29Bus38,SWT_LOAD_29,,2,0,0,0,0
Substation4Bus29Bus38,SWT_LOAD_29_RES,,2,0,0,0,0
Substation4Bus29Bus38,SWT_TRAFO_BUS_29,,2,0,0,0,0
Substation4Bus29Bus38,SWT_TRAFO_BUS_29_RES,,2,0,0,0,0
Substation4Bus29Bus38,SWT_TRAFO_BUS_38,,2,0,0,0,0
Substation4Bus29Bus38,SWT_TRAFO_BUS_38_RES,,2,0,0,0,0
Substation4Bus29Bus38,TAP_TRAFO_29-38,,4,0,0,0,0
Substation4Bus29Bus38,TAP_TRAFO_29-38_CTRL,,4,0,0,0,0
Substation4Bus29Bus38,TAP_TRAFO_29-38_MODE,,4,0,0,0,0
Substation4Bus29Bus38,TAP_TRAFO_29-38_RES,,4,0,0,0,0
Substation4Bus29Bus38,TRAFO_29_38_BUS_29_P_RES,,4,0,0,0,0
Substation4Bus29Bus38,TRAFO_29_38_BUS_29_Q_RES,,4,0,0,0,0
Substation4Bus29Bus38,TRAFO_29_38_BUS_38_P_RES,,4,0,0,0,0
Substation4Bus29Bus38,TRAFO_29_38_BUS_38_Q_RES,,4,0,0,0,0
Substation4Bus29Bus38,TRAFO_29_38_BUS_38_V_RES,,4,0,0,0,0
Substation4Bus29Bus38,TRAFO_29_38_LOADING_RES,,4,0,0,0,0
Substation4Bus29Bus38,TRAFO_29_38_V_RES,,4,0,0,0,0
Substation4Bus29Bus38,TRAFO_29_38_f_RES,,4,0,0,0,0
Substation5Bus22Bus35,BUS_22_V_RES,,4,0,0,0,0
Substation5Bus22Bus35,BUS_35_V_RES,,4,0,0,0,0
Substation5Bus22Bus35,G6_LOADING_RES,,4,0,0,0,0
Substation5Bus22Bus35,G6_P_CTRL,,4,0,0,0,0
Substation5Bus22Bus35,G6_P_RES,,4,0,0,0,0
Substation5Bus22Bus35,G6_Q_RES,,4,0,0,0,0
Substation5Bus22Bus35,G6_V_CTRL,,4,0,0,0,0
Substation5Bus22Bus35,G6_V_RES,,4,0,0,0,0
Substation5Bus22Bus35,G6_f_RES,,4,0,0,0,0
Substation5Bus22Bus35,LINE_21_22_I_RES,,4,0,0,0,0
Substation5Bus22Bus35,LINE_21_22_P_RES,,4,0,0,0,0
Substation5Bus22Bus35,LINE_21_22_Q_RES,,4,0,0,0,0
Substation5Bus22Bus35,LINE_21_22_V_RES,,4,0,0,0,0
Substation5Bus22Bus35,LINE_22_23_I_RES,,4,0,0,0,0
Substation5Bus22Bus35,LINE_22_23_P_RES,,4,0,0,0,0
Substation5Bus22Bus35,LINE_22_23_Q_RES,,4,0,0,0,0
Substation5Bus22Bus35,LINE_22_23_V_RES,,4,0,0,0,0
Substation5Bus22Bus35,SWT_BreakerG6,,2,0,0,0,0
Substation5Bus22Bus35,SWT_BreakerG6_RES,,2,0,0,0,0
Substation5Bus22Bus35,SWT_LINE_21_22,,2,0,0,0,0
Substation5Bus22Bus35,SWT_LINE_21_22_RES,,2,0,0,0,0
Substation5Bus22Bus35,SWT_LINE_22_23,,2,0,0,0,0
Substation5Bus22Bus35,SWT_LINE_22_23_RES,,2,0,0,0,0
Substation5Bus22Bus35,SWT_TRAFO_BUS_22,,2,0,0,0,0
Substation5Bus22Bus35,SWT_TRAFO_BUS_22_RES,,2,0,0,0,0
Substation5Bus22Bus35,SWT_TRAFO_BUS_35,,2,0,0,0,0
Substation5Bus22Bus35,SWT_TRAFO_BUS_35_RES,,2,0,0,0,0
Substation5Bus22Bus35,TAP_TRAFO_22-35,,4,0,0,0,0
Substation5Bus22Bus35,TAP_TRAFO_22-35_CTRL,,4,0,0,0,0
Substation5Bus22Bus35,TAP_TRAFO_22-35_MODE,,4,0,0,0,0
Substation5Bus22Bus35,TAP_TRAFO_22-35_RES,,4,0,0,0,0
Substation5Bus22Bus35,TRAFO_22_35_BUS_22_P_RES,,4,0,0,0,0
Substation5Bus22Bus35,TRAFO_22_35_BUS_22_Q_RES,,4,0,0,0,0
Substation5Bus22Bus35,TRAFO_22_35_BUS_35_P_RES,,4,0,0,0,0
Substation5Bus22Bus35,TRAFO_22_35_BUS_35_Q_RES,,4,0,0,0,0
Substation5Bus22Bus35,TRAFO_22_35_BUS_35_V_RES,,4,0,0,0,0
Substation5Bus22Bus35,TRAFO_22_35_LOADING_RES,,4,0,0,0,0
Substation5Bus22Bus35,TRAFO_22_35_V_RES,,4,0,0,0,0
Substation5Bus22Bus35,TRAFO_22_35_f_RES,,4,0,0,0,0
Substation6Bus23Bus36,BUS_23_V_RES,,4,0,0,0,0
Substation6Bus23Bus36,BUS_36_V_RES,,4,0,0,0,0
Substation6Bus23Bus36,G7_LOADING_RES,,4,0,0,0,0
Substation6Bus23Bus36,G7_P_CTRL,,4,0,0,0,0
Substation6Bus23Bus36,G7_P_RES,,4,0,0,0,0
Substation6Bus23Bus36,G7_Q_RES,,4,0,0,0,0
Substation6Bus23Bus36,G7_V_CTRL,,4,0,0,0,0
Substation6Bus23Bus36,G7_V_RES,,4,0,0,0,0
Substation6Bus23Bus36,G7_f_RES,,4,0,0,0,0
Substation6Bus23Bus36,LINE_22_23_I_RES,,4,0,0,0,0
Substation6Bus23Bus36,LINE_22_23_P_RES,,4,0,0,0,0
Substation6Bus23Bus36,LINE_22_23_Q_RES,,4,0,0,0,0
Substation6Bus23Bus36,LINE_22_23_V_RES,,4,0,0,0,0
Substation6Bus23Bus36,LINE_23_24_I_RES,,4,0,0,0,0
Substation6Bus23Bus36,LINE_23_24_P_RES,,4,0,0,0,0
Substation6Bus23Bus36,LINE_23_24_Q_RES,,4,0,0,0,0
Substation6Bus23Bus36,LINE_23_24_V_RES,,4,0,0,0,0
Substation6Bus23Bus36,LOAD_23_P_RES,,4,0,0,0,0
Substation6Bus23Bus36,LOAD_23_Q_RES,,4,0,0,0,0
Substation6Bus23Bus36,LOAD_23_V_RES,,4,0,0,0,0
Substation6Bus23Bus36,SWT_BreakerG7,,2,0,0,0,0
Substation6Bus23Bus36,SWT_BreakerG7_RES,,2,0,0,0,0
Substation6Bus23Bus36,SWT_LINE_22_23,,2,0,0,0,0
Substation6Bus23Bus36,SWT_LINE_22_23_RES,,2,0,0,0,0
Substation6Bus23Bus36,SWT_LINE_23_24,,2,0,0,0,0
Substation6Bus23Bus36,SWT_LINE_23_24_RES,,2,0,0,0,0
Substation6Bus23Bus36,SWT_LOAD_23,,2,0,0,0,0
Substation6Bus23Bus36,SWT_LOAD_23_RES,,2,0,0,0,0
Substation6Bus23Bus36,SWT_TRAFO_BUS_23,,2,0,0,0,0
Substation6Bus23Bus36,SWT_TRAFO_BUS_23_RES,,2,0,0,0,0
Substation6Bus23Bus36,SWT_TRAFO_BUS_36,,2,0,0,0,0
Substation6Bus23Bus36,SWT_TRAFO_BUS_36_RES,,2,0,0,0,0
Substation6Bus23Bus36,TAP_TRAFO_23-36,,4,0,0,0,0
Substation6Bus23Bus36,TAP_TRAFO_23-36_CTRL,,4,0,0,0,0
Substation6Bus23Bus36,TAP_TRAFO_23-36_MODE,,4,0,0,0,0
Substation6Bus23Bus36,TAP_TRAFO_23-36_RES,,4,0,0,0,0
Substation6Bus23Bus36,TRAFO_23_36_BUS_23_P_RES,,4,0,0,0,0
Substation6Bus23Bus36,TRAFO_23_36_BUS_23_Q_RES,,4,0,0,0,0
Substation6Bus23Bus36,TRAFO_23_36_BUS_36_P_RES,,4,0,0,0,0
Substation6Bus23Bus36,TRAFO_23_36_BUS_36_Q_RES,,4,0,0,0,0
Substation6Bus23Bus36,TRAFO_23_36_BUS_36_V_RES,,4,0,0,0,0
Substation6Bus23Bus36,TRAFO_23_36_LOADING_RES,,4,0,0,0,0
Substation6Bus23Bus36,TRAFO_23_36_V_RES,,4,0,0,0,0
Substation6Bus23Bus36,TRAFO_23_36_f_RES,,4,0,0,0,0
Substation7Bus19Bus20Bus33Bus34,BUS_19_V_RES,,4,0,0,0,0
Substation7Bus19Bus20Bus33Bus34,BUS_20_V_RES,,4,0,0,0,0
Substation7Bus19Bus20Bus33Bus34,BUS_33_V_RES,,4,0,0,0,0
Substation7Bus19Bus20Bus33Bus34,BUS_34_V_RES,,4,0,0,0,0
Substation7Bus19Bus20Bus33Bus34,G4_LOADING_RES,,4,0,0,0,0
Substation7Bus19Bus20Bus33Bus34,G4_P_CTRL,,4,0,0,0,0
Substation7Bus19Bus20Bus33Bus34,G4_P_RES,,4,0,0,0,0
Substation7Bus19Bus20Bus33Bus34,G4_Q_RES,,4,0,0,0,0
Substation7Bus19Bus20Bus33Bus34,G4_V_CTRL,,4,0,0,0,0
Substation7Bus19Bus20Bus33Bus34,G4_V_RES,,4,0,0,0,0
Substation7Bus19Bus20Bus33Bus34,G4_f_RES,,4,0,0,0,0
Substation7Bus19Bus20Bus33Bus34,G5_LOADING_RES,,4,0,0,0,0
Substation7Bus19Bus20Bus33Bus34,G5_P_CTRL,,4,0,0,0,0
Substation7Bus19Bus20Bus33Bus34,G5_P_RES,,4,0,0,0,0
Substation7Bus19Bus20Bus33Bus34,G5_Q_RES,,4,0,0,0,0
Substation7Bus19Bus20Bus33Bus34,G5_V_CTRL,,4,0,0,0,0
Substation7Bus19Bus20Bus33Bus34,G5_V_RES,,4,0,0,0,0
Substation7Bus19Bus20Bus33Bus34,G5_f_RES,,4,0,0,0,0
Substation7Bus19Bus20Bus33Bus34,LINE_16_19_I_RES,,4,0,0,0,0
Substation7Bus19Bus20Bus33Bus34,LINE_16_19_P_RES,,4,0,0,0,0
Substation7Bus19Bus20Bus33Bus34,LINE_16_19_Q_RES,,4,0,0,0,0
Substation7Bus19Bus20Bus33Bus34,LINE_16_19_V_RES,,4,0,0,0,0
Substation7Bus19Bus20Bus33Bus34,LOAD_20_P_RES,,4,0,0,0,0
Substation7Bus19Bus20Bus33Bus34,LOAD_20_Q_RES,,4,0,0,0,0
Substation7Bus19Bus20Bus33Bus34,LOAD_20_V_RES,,4,0,0,0,0
Substation7Bus19Bus20Bus33Bus34,SWT_ LINE_16_19,,2,0,0,0,0
Substation7Bus19Bus20Bus33Bus34,SWT_BreakerG4,,2,0,0,0,0
Substation7Bus19Bus20Bus33Bus34,SWT_BreakerG4_RES,,2,0,0,0,0
Substation7Bus19Bus20Bus33Bus34,SWT_BreakerG5,,2,0,0,0,0
Substation7Bus19Bus20Bus33Bus34,SWT_BreakerG5_RES,,2,0,0,0,0
Substation7Bus19Bus20Bus33Bus34,SWT_LINE_16_19_RES,,2,0,0,0,0
Substation7Bus19Bus20Bus33Bus34,SWT_LOAD_20,,2,0,0,0,0
Substation7Bus19Bus20Bus33Bus34,SWT_LOAD_20_RES,,2,0,0,0,0
Substation7Bus19Bus20Bus33Bus34,SWT_TRAFO_19_20_BUS_19,,2,0,0,0,0
Substation7Bus19Bus20Bus33Bus34,SWT_TRAFO_19_20_BUS_20,,2,0,0,0,0
Substation7Bus19Bus20Bus33Bus34,SWT_TRAFO_19_20_BUS_20_RES,,2,0,0,0,0
Substation7Bus19Bus20Bus33Bus34,SWT_TRAFO_19_33_BUS_19,,2,0,0,0,0
Substation7Bus19Bus20Bus33Bus34,SWT_TRAFO_19_33_BUS_19_RES,,2,0,0,0,0
Substation7Bus19Bus20Bus33Bus34,SWT_TRAFO_BUS_20,,2,0,0,0,0
Substation7Bus19Bus20Bus33Bus34,SWT_TRAFO_BUS_20_RES,,2,0,0,0,0
Substation7Bus19Bus20Bus33Bus34,SWT_TRAFO_BUS_33,,2,0,0,0,0
Substation7Bus19Bus20Bus33Bus34,SWT_TRAFO_BUS_33_RES,,2,0,0,0,0
Substation7Bus19Bus20Bus33Bus34,SWT_TRAFO_BUS_34,,2,0,0,0,0
Substation7Bus19Bus20Bus33Bus34,SWT_TRAFO_BUS_34_RES,,2,0,0,0,0
Substation7Bus19Bus20Bus33Bus34,SWT_TR_19_20_BUS19_RES,,2,0,0,0,0
Substation7Bus19Bus20Bus33Bus34,TAP19_20,,4,0,0,0,0
Substation7Bus19Bus20Bus33Bus34,TAP19_33,,4,0,0,0,0
Substation7Bus19Bus20Bus33Bus34,TAP20_34,,4,0,0,0,0
Substation7Bus19Bus20Bus33Bus34,TAP_TRAFO_19-20_CTRL,,4,0,0,0,0
Substation7Bus19Bus20Bus33Bus34,TAP_TRAFO_19-20_MODE,,4,0,0,0,0
Substation7Bus19Bus20Bus33Bus34,TAP_TRAFO_19-20_RES,,4,0,0,0,0
Substation7Bus19Bus20Bus33Bus34,TAP_TRAFO_19-33_CTRL,,4,0,0,0,0
Substation7Bus19Bus20Bus33Bus34,TAP_TRAFO_19-33_MODE,,4,0,0,0,0
Substation7Bus19Bus20Bus33Bus34,TAP_TRAFO_19-33_RES,,4,0,0,0,0
Substation7Bus19Bus20Bus33Bus34,TAP_TRAFO_20-34_CTRL,,4,0,0,0,0
Substation7Bus19Bus20Bus33Bus34,TAP_TRAFO_20-34_MODE,,4,0,0,0,0
Substation7Bus19Bus20Bus33Bus34,TAP_TRAFO_20-34_RES,,4,0,0,0,0
Substation7Bus19Bus20Bus33Bus34,TRAFO_19_20_BUS19_P_RES,,4,0,0,0,0
Substation7Bus19Bus20Bus33Bus34,TRAFO_19_20_BUS19_Q_RES,,4,0,0,0,0
Substation7Bus19Bus20Bus33Bus34,TRAFO_19_20_BUS19_V_RES,,4,0,0,0,0
Substation7Bus19Bus20Bus33Bus34,TRAFO_19_20_BUS_20_P_RES,,4,0,0,0,0
Substation7Bus19Bus20Bus33Bus34,TRAFO_19_20_BUS_20_Q_RES,,4,0,0,0,0
Substation7Bus19Bus20Bus33Bus34,TRAFO_19_20_BUS_20_V_RES,,4,0,0,0,0
Substation7Bus19Bus20Bus33Bus34,TRAFO_19_20_LOADING_RES,,4,0,0,0,0
Substation7Bus19Bus20Bus33Bus34,TRAFO_19_33_BUS_19_P_RES,,4,0,0,0,0
Substation7Bus19Bus20Bus33Bus34,TRAFO_19_33_BUS_19_Q_RES,,4,0,0,0,0
Substation7Bus19Bus20Bus33Bus34,TRAFO_19_33_BUS_33_P_RES,,4,0,0,0,0
Substation7Bus19Bus20Bus33Bus34,TRAFO_19_33_BUS_33_Q_RES,,4,0,0,0,0
Substation7Bus19Bus20Bus33Bus34,TRAFO_19_33_BUS_33_V_RES,,4,0,0,0,0
Substation7Bus19Bus20Bus33Bus34,TRAFO_19_33_RES,,4,0,0,0,0
Substation7Bus19Bus20Bus33Bus34,TRAFO_19_33_V_RES,,4,0,0,0,0
Substation7Bus19Bus20Bus33Bus34,TRAFO_19_33_f_RES,,4,0,0,0,0
Substation7Bus19Bus20Bus33Bus34,TRAFO_20_34_BUS_20_P_RES,,4,0,0,0,0
Substation7Bus19Bus20Bus33Bus34,TRAFO_20_34_BUS_20_Q_RES,,4,0,0,0,0
Substation7Bus19Bus20Bus33Bus34,TRAFO_20_34_BUS_34_P_RES,,4,0,0,0,0
Substation7Bus19Bus20Bus33Bus34,TRAFO_20_34_BUS_34_Q_RES,,4,0,0,0,0
Substation7Bus19Bus20Bus33Bus34,TRAFO_20_34_BUS_34_V_RES,,4,0,0,0,0
Substation7Bus19Bus20Bus33Bus34,TRAFO_20_34_LOADING_RES,,4,0,0,0,0
Substation7Bus19Bus20Bus33Bus34,TRAFO_20_34_V_RES,,4,0,0,0,0
Substation7Bus19Bus20Bus33Bus34,TRAFO_20_34_f_RES,,4,0,0,0,0
Substation8Bus10Bus32,BUS_10_V_RES,,4,0,0,0,0
Substation8Bus10Bus32,BUS_32_V_RES,,4,0,0,0,0
Substation8Bus10Bus32,G3_LOADING_RES,,4,0,0,0,0
Substation8Bus10Bus32,G3_P_CTRL,,4,0,0,0,0
Substation8Bus10Bus32,G3_P_RES,,4,0,0,0,0
Substation8Bus10Bus32,G3_Q_RES,,4,0,0,0,0
Substation8Bus10Bus32,G3_V_CTRL,,4,0,0,0,0
Substation8Bus10Bus32,G3_V_RES,,4,0,0,0,0
Substation8Bus10Bus32,G3_f_RES,,4,0,0,0,0
Substation8Bus10Bus32,LINE_10_11_I_RES,,4,0,0,0,0
Substation8Bus10Bus32,LINE_10_11_P_RES,,4,0,0,0,0
Substation8Bus10Bus32,LINE_10_11_Q_RES,,4,0,0,0,0
Substation8Bus10Bus32,LINE_10_11_V_RES,,4,0,0,0,0
Substation8Bus10Bus32,LINE_10_13_I_RES,,4,0,0,0,0
Substation8Bus10Bus32,LINE_10_13_P_RES,,4,0,0,0,0
Substation8Bus10Bus32,LINE_10_13_Q_RES,,4,0,0,0,0
Substation8Bus10Bus32,LINE_10_13_V_RES,,4,0,0,0,0
Substation8Bus10Bus32,SWT_BreakerG3,,2,0,0,0,0
Substation8Bus10Bus32,SWT_BreakerG3_RES,,2,0,0,0,0
Substation8Bus10Bus32,SWT_LINE_10_11,,2,0,0,0,0
Substation8Bus10Bus32,SWT_LINE_10_11_RES,,2,0,0,0,0
Substation8Bus10Bus32,SWT_LINE_10_13,,2,0,0,0,0
Substation8Bus10Bus32,SWT_LINE_10_32_RES,,2,0,0,0,0
Substation8Bus10Bus32,SWT_TRAFO_BUS_10,,2,0,0,0,0
Substation8Bus10Bus32,SWT_TRAFO_BUS_10_RES,,2,0,0,0,0
Substation8Bus10Bus32,SWT_TRAFO_BUS_32,,2,0,0,0,0
Substation8Bus10Bus32,SWT_TRAFO_BUS_32_RES,,2,0,0,0,0
Substation8Bus10Bus32,TAP_TRAFO_10-32,,4,0,0,0,0
Substation8Bus10Bus32,TAP_TRAFO_10-32_CTRL,,4,0,0,0,0
Substation8Bus10Bus32,TAP_TRAFO_10-32_MODE,,4,0,0,0,0
Substation8Bus10Bus32,TAP_TRAFO_10-32_RES,,4,0,0,0,0
Substation8Bus10Bus32,TRAFO_10_32_BUS_10_P_RES,,4,0,0,0,0
Substation8Bus10Bus32,TRAFO_10_32_BUS_10_Q_RES,,4,0,0,0,0
Substation8Bus10Bus32,TRAFO_10_32_BUS_32_P_RES,,4,0,0,0,0
Substation8Bus10Bus32,TRAFO_10_32_BUS_32_Q_RES,,4,0,0,0,0
Substation8Bus10Bus32,TRAFO_10_32_BUS_32_V_RES,,4,0,0,0,0
Substation8Bus10Bus32,TRAFO_10_32_LOADING_RES,,4,0,0,0,0
Substation8Bus10Bus32,TRAFO_10_32_V_RES,,4,0,0,0,0
Substation8Bus10Bus32,TRAFO_10_32_f_RES,,4,0,0,0,0
Substation9Bus06Bus31,BUS_06_V_RES,,4,0,0,0,0
Substation9Bus06Bus31,BUS_31_V_RES,,4,0,0,0,0
Substation9Bus06Bus31,G2_LOADING_RES,,4,0,0,0,0
Substation9Bus06Bus31,G2_P_RES,,4,0,0,0,0
Substation9Bus06Bus31,G2_Q_RES,,4,0,0,0,0
Substation9Bus06Bus31,G2_V_CTRL,,4,0,0,0,0
Substation9Bus06Bus31,G2_V_RES,,4,0,0,0,0
Substation9Bus06Bus31,G2_f_RES,,4,0,0,0,0
Substation9Bus06Bus31,LINE_05_06_I_RES,,4,0,0,0,0
Substation9Bus06Bus31,LINE_05_06_P_RES,,4,0,0,0,0
Substation9Bus06Bus31,LINE_05_06_Q_RES,,4,0,0,0,0
Substation9Bus06Bus31,LINE_05_06_V_RES,,4,0,0,0,0
Substation9Bus06Bus31,LINE_06_07_I_RES,,4,0,0,0,0
Substation9Bus06Bus31,LINE_06_07_P_RES,,4,0,0,0,0
Substation9Bus06Bus31,LINE_06_07_Q_RES,,4,0,0,0,0
Substation9Bus06Bus31,LINE_06_07_V_RES,,4,0,0,0,0
Substation9Bus06Bus31,LINE_06_11_I_RES,,4,0,0,0,0
Substation9Bus06Bus31,LINE_06_11_P_RES,,4,0,0,0,0
Substation9Bus06Bus31,LINE_06_11_Q_RES,,4,0,0,0,0
Substation9Bus06Bus31,LINE_06_11_V_RES,,4,0,0,0,0
Substation9Bus06Bus31,LOAD_31_P_RES,,4,0,0,0,0
Substation9Bus06Bus31,LOAD_31_Q_RES,,4,0,0,0,0
Substation9Bus06Bus31,LOAD_31_V_RES,,4,0,0,0,0
Substation9Bus06Bus31,SWT_BreakerG2,,2,0,0,0,0
Substation9Bus06Bus31,SWT_BreakerG2_RES,,2,0,0,0,0
Substation9Bus06Bus31,SWT_LINE_05_06,,2,0,0,0,0
Substation9Bus06Bus31,SWT_LINE_05_06_RES,,2,0,0,0,0
Substation9Bus06Bus31,SWT_LINE_06_07,,2,0,0,0,0
Substation9Bus06Bus31,SWT_LINE_06_07_RES,,2,0,0,0,0
Substation9Bus06Bus31,SWT_LINE_06_11,,2,0,0,0,0
Substation9Bus06Bus31,SWT_LINE_06_11_RES,,2,0,0,0,0
Substation9Bus06Bus31,SWT_LOAD_31,,2,0,0,0,0
Substation9Bus06Bus31,SWT_LOAD_31_RES,,2,0,0,0,0
Substation9Bus06Bus31,SWT_TRAFO_BUS_06,,2,0,0,0,0
Substation9Bus06Bus31,SWT_TRAFO_BUS_06_RES,,2,0,0,0,0
Substation9Bus06Bus31,SWT_TRAFO_BUS_31,,2,0,0,0,0
Substation9Bus06Bus31,SWT_TRAFO_BUS_31_RES,,2,0,0,0,0
Substation9Bus06Bus31,TAP_TRAFO_06-31_CTRL,,4,0,0,0,0
Substation9Bus06Bus31,TAP_TRAFO_06-31_MODE,,4,0,0,0,0
Substation9Bus06Bus31,TAP_TRAFO_06-31_RES,,4,0,0,0,0
Substation9Bus06Bus31,TRAFO_06_31_BUS_06_P_RES,,4,0,0,0,0
Substation9Bus06Bus31,TRAFO_06_31_BUS_06_Q_RES,,4,0,0,0,0
Substation9Bus06Bus31,TRAFO_06_31_BUS_31_P_RES,,4,0,0,0,0
Substation9Bus06Bus31,TRAFO_06_31_BUS_31_Q_RES,,4,0,0,0,0
Substation9Bus06Bus31,TRAFO_06_31_BUS_31_V_RES,,4,0,0,0,0
Substation9Bus06Bus31,TRAFO_06_31_LOADING_RES,,4,0,0,0,0
Substation9Bus06Bus31,TRAFO_06_31_TAP,,4,0,0,0,0
Substation9Bus06Bus31,TRAFO_06_31_V_RES,,4,0,0,0,0
Substation9Bus06Bus31,TRAFO_06_31_f_RES,,4,0,0,0,0
